City_ID,City,Lat,Lng,Max Temp,Humidity,Cloudiness,Wind Speed,Country,Date
0,Cuamba,-14.8031,36.5372,64.02,84,66,8.48,MZ,2022-04-28 01:37:27
1,Yichang,30.7144,111.2847,64.11,96,100,2.98,CN,2022-04-28 01:37:28
2,Castro,-24.7911,-50.0119,63.05,88,100,4.05,BR,2022-04-28 01:37:29
3,East London,-33.0153,27.9116,58.46,70,0,6.26,ZA,2022-04-28 01:37:29
4,Hobart,-42.8794,147.3294,67.26,89,75,0.0,AU,2022-04-28 01:37:30
5,Zhumadian,32.9794,114.0294,57.83,48,100,12.55,CN,2022-04-28 01:37:30
6,Ulaanbaatar,47.9077,106.8832,37.53,28,0,4.47,MN,2022-04-28 01:32:35
7,Port Alfred,-33.5906,26.891,60.24,71,0,7.05,ZA,2022-04-28 01:35:12
8,Stepnyak,52.8339,70.7803,56.97,52,95,14.41,KZ,2022-04-28 01:37:31
9,Kruisfontein,-34.0033,24.7314,56.16,45,5,7.11,ZA,2022-04-28 01:37:31
10,Havoysund,70.9963,24.6622,25.03,56,100,15.86,NO,2022-04-28 01:36:40
11,Muros,42.7762,-9.0603,49.08,94,3,4.97,ES,2022-04-28 01:37:32
12,Vila Franca Do Campo,37.7167,-25.4333,67.19,94,100,19.24,PT,2022-04-28 01:37:33
13,Bethel,41.3712,-73.414,43.48,56,0,11.5,US,2022-04-28 01:37:33
14,Cabo San Lucas,22.8909,-109.9124,87.1,19,0,19.57,MX,2022-04-28 01:34:16
15,Cidreira,-30.1811,-50.2056,70.9,95,11,3.85,BR,2022-04-28 01:37:34
16,Alofi,-19.0595,-169.9187,80.49,78,75,17.27,NU,2022-04-28 01:37:34
17,Bengkulu,-3.8004,102.2655,81.1,78,91,0.96,ID,2022-04-28 01:37:35
18,Barrow,71.2906,-156.7887,6.82,78,100,13.8,US,2022-04-28 01:37:35
19,Wukari,7.85,9.7833,77.4,76,100,7.34,NG,2022-04-28 01:37:36
20,Cape Town,-33.9258,18.4232,59.92,88,0,14.0,ZA,2022-04-28 01:37:36
21,Rikitea,-23.1203,-134.9692,77.23,66,0,22.84,PF,2022-04-28 01:37:37
22,Kodiak,57.79,-152.4072,45.91,76,0,6.91,US,2022-04-28 01:37:37
23,Klaksvik,62.2266,-6.589,43.72,71,99,4.56,FO,2022-04-28 01:37:37
24,Alice Springs,-23.7,133.8833,85.55,26,5,14.97,AU,2022-04-28 01:36:27
25,Lebu,-37.6167,-73.65,49.33,75,24,0.67,CL,2022-04-28 01:37:38
26,Tuktoyaktuk,69.4541,-133.0374,10.4,85,100,4.61,CA,2022-04-28 01:37:38
27,Hilo,19.7297,-155.09,83.28,79,100,8.05,US,2022-04-28 01:37:39
28,Minab,27.1467,57.0801,77.32,50,1,1.14,IR,2022-04-28 01:37:39
29,Mahebourg,-20.4081,57.7,73.26,94,20,4.61,MU,2022-04-28 01:37:40
30,Azangaro,-14.9167,-70.2167,41.81,51,73,2.59,PE,2022-04-28 01:37:40
31,Souillac,-20.5167,57.5167,70.18,94,20,4.61,MU,2022-04-28 01:37:41
32,Arraial Do Cabo,-22.9661,-42.0278,75.87,87,0,21.7,BR,2022-04-28 01:37:41
33,Avarua,-21.2078,-159.775,84.25,79,20,10.36,CK,2022-04-28 01:37:42
34,Chokurdakh,70.6333,147.9167,16.34,90,100,8.25,RU,2022-04-28 01:37:42
35,San Patricio,28.017,-97.5169,75.83,81,38,10.13,US,2022-04-28 01:37:42
36,Busselton,-33.65,115.3333,61.52,65,79,13.69,AU,2022-04-28 01:37:43
37,Mahibadhoo,3.7833,72.9667,84.29,71,2,5.23,MV,2022-04-28 01:37:43
38,Soe,-9.8607,124.284,79.0,58,85,3.09,ID,2022-04-28 01:37:44
39,Qaanaaq,77.484,-69.3632,13.84,67,70,7.67,GL,2022-04-28 01:37:44
40,Antsohihy,-14.8796,47.9875,74.68,90,84,2.51,MG,2022-04-28 01:37:45
41,Puerto Ayora,-0.7393,-90.3518,71.73,92,11,5.41,EC,2022-04-28 01:37:45
42,Kalmunai,7.4167,81.8167,82.29,78,10,6.78,LK,2022-04-28 01:37:46
43,Hithadhoo,-0.6,73.0833,83.14,74,100,5.68,MV,2022-04-28 01:37:46
44,Saskylakh,71.9167,114.0833,13.75,91,54,5.95,RU,2022-04-28 01:37:47
45,Nikolskoye,59.7035,30.7861,31.87,76,26,4.12,RU,2022-04-28 01:37:47
46,Alihe,50.5667,123.7167,48.96,18,2,6.26,CN,2022-04-28 01:37:47
47,Srednekolymsk,67.45,153.6833,25.16,82,100,6.04,RU,2022-04-28 01:37:48
48,Bichura,50.5881,107.6022,39.36,35,74,10.22,RU,2022-04-28 01:37:48
49,Mahon,39.8885,4.2658,57.76,94,0,9.22,ES,2022-04-28 01:37:49
50,Kapaa,22.0752,-159.319,82.38,86,75,12.66,US,2022-04-28 01:37:49
51,Georgetown,5.4112,100.3354,87.73,83,20,3.44,MY,2022-04-28 01:36:59
52,Moberly,39.4184,-92.4382,67.98,28,0,5.75,US,2022-04-28 01:37:50
53,Bilibino,68.0546,166.4372,32.7,94,76,2.98,RU,2022-04-28 01:37:50
54,Havre-Saint-Pierre,50.2334,-63.5986,35.96,100,100,0.0,CA,2022-04-28 01:37:51
55,Dikson,73.5069,80.5464,18.07,90,55,21.81,RU,2022-04-28 01:37:51
56,Udachnyy,66.4167,112.4,28.44,90,76,8.77,RU,2022-04-28 01:37:51
57,Saint-Pierre,-21.3393,55.4781,71.91,60,0,6.91,RE,2022-04-28 01:37:52
58,Luderitz,-26.6481,15.1594,63.05,58,0,4.94,NA,2022-04-28 01:37:52
59,Filadelfia,39.9523,-75.1638,48.02,50,100,14.97,US,2022-04-28 01:33:12
60,Constitucion,-35.3333,-72.4167,51.06,85,47,3.15,CL,2022-04-28 01:37:53
61,Bredasdorp,-34.5322,20.0403,54.5,89,2,1.54,ZA,2022-04-28 01:34:18
62,Mount Gambier,-37.8333,140.7667,69.71,68,58,13.8,AU,2022-04-28 01:37:54
63,Lorengau,-2.0226,147.2712,86.7,67,78,10.09,PG,2022-04-28 01:37:54
64,Vaini,-21.2,-175.2,82.56,57,20,8.05,TO,2022-04-28 01:37:55
65,Punta Arenas,-53.15,-70.9167,33.91,60,20,11.5,CL,2022-04-28 01:33:11
66,Chicama,-7.8447,-79.1469,63.14,80,98,5.77,PE,2022-04-28 01:37:55
67,Ahipara,-35.1667,173.1667,62.47,76,78,7.05,NZ,2022-04-28 01:37:56
68,Konotop,51.2403,33.2026,40.84,80,6,2.89,UA,2022-04-28 01:37:56
69,Mataura,-46.1927,168.8643,55.47,64,78,2.86,NZ,2022-04-28 01:37:57
70,Ushuaia,-54.8,-68.3,29.8,95,99,5.21,AR,2022-04-28 01:37:57
71,Yerofey Pavlovich,53.9667,121.9667,44.53,23,99,5.1,RU,2022-04-28 01:37:57
72,Aquiraz,-3.9014,-38.3911,82.49,85,66,7.43,BR,2022-04-28 01:37:58
73,Victoria,22.2855,114.1577,89.19,84,18,8.99,HK,2022-04-28 01:34:38
74,Albany,42.6001,-73.9662,39.16,59,17,3.0,US,2022-04-28 01:33:19
75,Orgovany,46.7509,19.4726,52.86,96,100,9.37,HU,2022-04-28 01:37:59
76,Leningradskiy,69.3833,178.4167,28.58,88,100,11.12,RU,2022-04-28 01:37:59
77,Pevek,69.7008,170.3133,35.1,79,100,16.06,RU,2022-04-28 01:38:00
78,Medina,24.4686,39.6142,61.23,88,0,4.61,SA,2022-04-28 01:34:11
79,Ancud,-41.8697,-73.8203,45.55,77,36,10.54,CL,2022-04-28 01:37:37
80,Egvekinot,66.3167,-179.1667,29.25,85,82,2.28,RU,2022-04-28 01:38:01
81,Bazaliya,49.7127,26.4733,46.04,75,99,6.44,UA,2022-04-28 01:38:01
82,Hami,42.8,93.45,62.67,17,100,14.56,CN,2022-04-28 01:38:02
83,Carnarvon,-24.8667,113.6333,69.87,68,29,10.36,AU,2022-04-28 01:37:47
84,Fort Saint James,54.4333,-124.25,45.63,50,100,3.49,CA,2022-04-28 01:38:03
85,Los Llanos De Aridane,28.6585,-17.9182,60.55,80,20,11.5,ES,2022-04-28 01:38:03
86,Mar Del Plata,-38.0023,-57.5575,56.88,60,0,13.8,AR,2022-04-28 01:33:10
87,Gao,16.6362,1.637,78.93,18,2,12.41,ML,2022-04-28 01:34:07
88,Puerto Carreno,6.189,-67.4859,77.97,79,90,2.39,CO,2022-04-28 01:38:04
89,Jibuti,11.5,42.5,76.6,77,94,14.29,DJ,2022-04-28 01:38:05
90,Aklavik,68.2191,-135.0107,19.72,82,100,9.1,CA,2022-04-28 01:38:05
91,Katsuura,35.1333,140.3,62.62,62,100,18.43,JP,2022-04-28 01:38:06
92,Port Lincoln,-34.7333,135.8667,75.92,45,4,16.6,AU,2022-04-28 01:38:06
93,Kidal,18.4411,1.4078,75.85,15,0,10.47,ML,2022-04-28 01:38:07
94,Krasnyy Chikoy,50.3643,108.7512,38.68,37,93,11.25,RU,2022-04-28 01:38:07
95,Port-Gentil,-0.7193,8.7815,79.59,79,100,5.3,GA,2022-04-28 01:38:08
96,Opuwo,-18.0607,13.84,69.49,39,55,4.41,NA,2022-04-28 01:38:08
97,Bambanglipuro,-7.95,110.2833,80.71,78,100,1.54,ID,2022-04-28 01:38:09
98,Balkhash,46.844,74.9804,50.61,50,0,13.42,KZ,2022-04-28 01:38:09
99,Fairlie,55.756,-4.8556,38.39,88,13,4.59,GB,2022-04-28 01:38:10
100,Vestmannaeyjar,63.4427,-20.2734,46.56,78,100,3.36,IS,2022-04-28 01:38:10
101,Jacareacanga,-6.2222,-57.7528,74.23,92,100,2.28,BR,2022-04-28 01:38:11
102,Manyana,-23.4,21.7167,62.8,48,3,11.92,BW,2022-04-28 01:38:11
103,Yanaul,56.2719,54.9309,55.89,90,100,16.49,RU,2022-04-28 01:38:12
104,Hermanus,-34.4187,19.2345,57.65,73,0,6.87,ZA,2022-04-28 01:38:12
105,Athabasca,54.7169,-113.2854,39.61,94,100,10.63,CA,2022-04-28 01:38:13
106,Khatanga,71.9667,102.5,26.06,83,100,16.69,RU,2022-04-28 01:37:40
107,Mayo,38.8876,-76.5119,50.11,48,0,16.11,US,2022-04-28 01:38:14
108,Faanui,-16.4833,-151.75,81.61,74,19,20.47,PF,2022-04-28 01:38:15
109,Languyan,5.2618,120.0807,80.15,83,100,0.47,PH,2022-04-28 01:38:16
110,Atuona,-9.8,-139.0333,79.02,76,19,21.5,PF,2022-04-28 01:38:16
111,Bereda,43.2686,-7.5406,48.58,100,89,1.79,ES,2022-04-28 01:38:17
112,Santa Cruz,-17.8,-63.1667,76.46,83,70,9.22,BO,2022-04-28 01:36:13
113,Poronaysk,49.2167,143.1167,35.06,76,100,28.1,RU,2022-04-28 01:38:18
114,Porto Velho,-8.7619,-63.9039,77.05,94,20,0.0,BR,2022-04-28 01:38:18
115,Gayeri,12.6497,0.4931,87.78,17,45,2.66,BF,2022-04-28 01:38:19
116,Yellowknife,62.456,-114.3525,50.52,40,75,9.22,CA,2022-04-28 01:38:19
117,Bathsheba,13.2167,-59.5167,77.61,94,75,16.11,BB,2022-04-28 01:33:44
118,Coquimbo,-29.9533,-71.3436,60.53,77,0,9.22,CL,2022-04-28 01:34:14
119,Butaritari,3.0707,172.7902,81.45,80,70,15.35,KI,2022-04-28 01:38:20
120,Rio Grande,-32.035,-52.0986,62.94,89,96,5.55,BR,2022-04-28 01:38:20
121,Norman Wells,65.282,-126.8329,35.64,60,100,11.5,CA,2022-04-28 01:38:21
122,Husavik,66.0449,-17.3389,37.89,87,69,4.74,IS,2022-04-28 01:33:47
123,Bluff,-46.6,168.3333,55.8,67,96,6.53,NZ,2022-04-28 01:38:21
124,Oranjemund,-28.55,16.4333,57.29,80,0,2.64,NA,2022-04-28 01:38:22
125,Plainview,40.7765,-73.4673,45.88,47,4,11.99,US,2022-04-28 01:38:22
126,Takoradi,4.8845,-1.7554,78.89,84,100,6.78,GH,2022-04-28 01:38:22
127,Grindavik,63.8424,-22.4338,43.27,87,75,3.44,IS,2022-04-28 01:38:23
128,Tiznit,29.5833,-9.5,58.01,78,0,3.56,MA,2022-04-28 01:38:23
129,Buchanan,5.8808,-10.0467,79.36,85,32,1.99,LR,2022-04-28 01:38:24
130,Emerald,-23.5333,148.1667,80.74,57,40,10.36,AU,2022-04-28 01:38:24
131,Geraldton,-28.7667,114.6,68.41,73,75,5.75,AU,2022-04-28 01:38:24
132,Yulara,-25.2406,130.9889,80.44,28,40,6.91,AU,2022-04-28 01:38:25
133,Dubna,56.7333,37.1667,27.48,85,60,3.69,RU,2022-04-28 01:38:25
134,Pangnirtung,66.1451,-65.7125,2.26,75,71,10.02,CA,2022-04-28 01:38:26
135,Port Hedland,-20.3167,118.5667,84.25,48,40,4.61,AU,2022-04-28 01:38:26
136,Tiksi,71.6872,128.8694,9.73,89,84,1.59,RU,2022-04-28 01:38:26
137,Bambous Virieux,-20.3428,57.7575,73.22,94,20,4.61,MU,2022-04-28 01:38:27
138,La Ronge,55.1001,-105.2842,41.22,65,75,13.8,CA,2022-04-28 01:38:27
139,Coahuayana,18.7333,-103.6833,74.95,73,0,1.57,MX,2022-04-28 01:38:28
140,Saryg-Sep,51.5,95.6,44.62,42,10,2.46,RU,2022-04-28 01:38:28
141,Kande,9.9578,1.0447,82.11,57,100,5.66,TG,2022-04-28 01:38:29
142,Dunedin,-45.8742,170.5036,60.8,52,51,8.01,NZ,2022-04-28 01:36:39
143,Gannan,47.9147,123.5031,51.82,14,0,6.85,CN,2022-04-28 01:38:29
144,Tucupita,9.0622,-62.051,74.93,92,100,2.98,VE,2022-04-28 01:38:30
145,Arlit,18.7369,7.3853,78.21,12,0,8.37,NE,2022-04-28 01:38:30
146,Longyearbyen,78.2186,15.6401,1.24,55,75,9.22,SJ,2022-04-28 01:38:31
147,Ilam,26.9167,87.9167,75.13,56,0,3.33,NP,2022-04-28 01:38:31
148,Chuy,-33.6971,-53.4616,57.4,90,0,5.06,UY,2022-04-28 01:38:31
149,Asau,46.4333,26.4,49.95,100,100,2.93,RO,2022-04-28 01:38:32
150,Saint George,37.1041,-113.5841,82.99,11,0,12.66,US,2022-04-28 01:35:43
151,Bandarbeyla,9.4942,50.8122,80.82,80,96,3.51,SO,2022-04-28 01:38:32
152,Ratnagiri,16.9833,73.3,83.61,70,21,5.41,IN,2022-04-28 01:38:33
153,Torbay,47.6666,-52.7314,36.28,92,75,3.0,CA,2022-04-28 01:38:33
154,Kutum,14.2,24.6667,76.96,13,90,6.26,SD,2022-04-28 01:38:34
155,Ayan,56.45,138.1667,36.16,61,100,15.32,RU,2022-04-28 01:38:34
156,Port Elizabeth,-33.918,25.5701,53.89,100,0,2.3,ZA,2022-04-28 01:38:34
157,Karratha,-20.7377,116.8463,78.39,45,100,0.96,AU,2022-04-28 01:36:22
158,Wuwei,37.9281,102.6414,57.49,35,36,7.38,CN,2022-04-28 01:38:35
159,Saldanha,-33.0117,17.9442,50.05,72,0,11.92,ZA,2022-04-28 01:34:11
160,Xichang,27.8964,102.2634,72.64,44,6,2.19,CN,2022-04-28 01:38:36
161,Saint-Philippe,-21.3585,55.7679,71.22,78,0,2.44,RE,2022-04-28 01:38:36
162,Kaitangata,-46.2817,169.8464,57.79,61,67,2.57,NZ,2022-04-28 01:38:36
163,Gayny,60.3071,54.3241,34.02,97,100,10.87,RU,2022-04-28 01:38:37
164,Bousso,10.4795,16.7117,82.29,52,99,5.66,TD,2022-04-28 01:38:37
165,Saint Anthony,45.0205,-93.218,48.13,43,0,11.5,US,2022-04-28 01:38:38
166,Kenora,49.8167,-94.4337,41.97,24,40,5.75,CA,2022-04-28 01:38:38
167,Kavieng,-2.5744,150.7967,86.27,63,99,11.9,PG,2022-04-28 01:38:39
168,Toribio,2.9548,-76.2684,60.3,96,93,3.89,CO,2022-04-28 01:38:39
169,Touros,-5.1989,-35.4608,78.26,84,62,10.11,BR,2022-04-28 01:38:39
170,Abnub,27.2696,31.1511,72.45,24,0,4.88,EG,2022-04-28 01:38:40
171,Stykkisholmur,65.0757,-22.7297,41.23,73,69,1.7,IS,2022-04-28 01:38:40
172,Cherskiy,68.75,161.3,31.86,100,100,4.27,RU,2022-04-28 01:38:41
173,Kirillov,59.863,38.3813,21.4,92,29,0.38,RU,2022-04-28 01:38:41
174,Quatre Cocos,-20.2078,57.7625,73.09,81,0,2.57,MU,2022-04-28 01:38:42
175,Jamestown,42.097,-79.2353,31.59,90,100,12.66,US,2022-04-28 01:38:42
176,Ribeira Grande,38.5167,-28.7,63.91,95,100,31.25,PT,2022-04-28 01:38:42
177,Gat,31.61,34.7642,67.41,100,0,4.63,IL,2022-04-28 01:38:43
178,Berlevag,70.8578,29.0864,19.2,70,100,27.54,NO,2022-04-28 01:38:43
179,Fortuna,40.5982,-124.1573,54.86,71,20,14.97,US,2022-04-28 01:38:44
180,Upernavik,72.7868,-56.1549,29.14,96,100,7.67,GL,2022-04-28 01:38:44
181,Uong Bi,21.0333,106.7833,80.58,80,97,8.63,VN,2022-04-28 01:38:44
182,Shuyskoye,59.3736,41.0305,24.06,87,7,4.56,RU,2022-04-28 01:38:45
183,Ixtapa,20.7,-105.2,78.03,73,0,6.91,MX,2022-04-28 01:38:45
184,Haines Junction,60.7522,-137.5108,39.15,87,100,4.61,CA,2022-04-28 01:38:46
185,Cacu,-18.5567,-51.1308,74.46,52,73,2.73,BR,2022-04-28 01:38:46
186,Sur,22.5667,59.5289,86.31,41,0,6.29,OM,2022-04-28 01:38:46
187,Flinders,-34.5833,150.8552,71.19,85,43,8.99,AU,2022-04-28 01:38:47
188,Damietta,31.4165,31.8133,64.11,69,0,4.43,EG,2022-04-28 01:38:47
189,Shamary,57.3434,58.2199,54.61,89,100,12.19,RU,2022-04-28 01:38:48
190,New Norfolk,-42.7826,147.0587,66.92,85,60,1.01,AU,2022-04-28 01:38:48
191,Winton,37.3894,-120.6133,78.71,24,0,10.36,US,2022-04-28 01:37:57
192,Manama,26.2154,50.5832,81.34,54,0,5.75,BH,2022-04-28 01:38:13
193,Motala,58.5371,15.0365,34.92,70,16,5.3,SE,2022-04-28 01:38:49
194,Zhanaozen,43.3,52.8,67.39,37,97,8.86,KZ,2022-04-28 01:38:49
195,Boda,4.3189,17.4695,70.68,85,100,3.67,CF,2022-04-28 01:38:50
196,Tomakomai,42.6369,141.6033,57.34,28,75,23.02,JP,2022-04-28 01:38:50
197,Nuuk,64.1835,-51.7216,34.41,100,100,36.82,GL,2022-04-28 01:38:51
198,Vao,-22.6667,167.4833,75.51,70,100,21.94,NC,2022-04-28 01:38:51
199,Bethlehem,-1.4558,-48.5044,75.24,100,0,3.44,BR,2022-04-28 01:38:52
200,Fairbanks,64.8378,-147.7164,53.94,32,0,8.05,US,2022-04-28 01:38:52
201,Airai,-8.9266,125.4092,74.5,54,59,1.66,TL,2022-04-28 01:38:52
202,Hasaki,35.7333,140.8333,61.2,55,100,17.05,JP,2022-04-28 01:38:53
203,Te Anau,-45.4167,167.7167,57.13,65,7,0.58,NZ,2022-04-28 01:38:53
204,Meulaboh,4.1363,96.1285,81.25,83,81,3.02,ID,2022-04-28 01:38:54
205,Yining,29.0361,114.5636,73.09,91,93,0.45,CN,2022-04-28 01:38:54
206,Asyut,27.181,31.1837,72.77,23,0,4.99,EG,2022-04-28 01:38:54
207,Codrington,-38.2667,141.9667,71.22,61,100,13.87,AU,2022-04-28 01:38:55
208,Mitsamiouli,-11.3847,43.2844,80.76,77,99,11.79,KM,2022-04-28 01:38:55
209,Ekhabi,53.5102,142.9671,29.62,93,100,28.36,RU,2022-04-28 01:38:56
210,Cubara,7.0008,-72.1085,71.06,91,57,3.53,CO,2022-04-28 01:38:56
211,Belaya Gora,68.5333,146.4167,18.45,83,100,6.11,RU,2022-04-28 01:38:57
212,Provideniya,64.3833,-173.3,32.36,80,20,4.47,RU,2022-04-28 01:38:57
213,Hofn,64.2539,-15.2082,42.33,82,100,2.3,IS,2022-04-28 01:38:57
214,Serpa,37.9458,-7.5975,51.76,95,58,6.29,PT,2022-04-28 01:38:58
215,Zyryanka,65.75,150.85,23.47,81,100,12.88,RU,2022-04-28 01:38:58
216,Sibolga,1.7427,98.7792,81.48,85,100,1.36,ID,2022-04-28 01:38:59
217,Half Moon Bay,37.4636,-122.4286,61.48,69,0,24.16,US,2022-04-28 01:38:59
218,Lompoc,34.6391,-120.4579,63.57,72,20,19.57,US,2022-04-28 01:39:00
219,Emba,48.8264,58.1442,56.86,55,100,9.46,KZ,2022-04-28 01:39:00
220,San Quintin,30.4833,-115.95,60.03,77,0,11.9,MX,2022-04-28 01:39:00
221,Pandan,14.0453,124.1694,83.48,80,99,11.34,PH,2022-04-28 01:39:01
222,Changli,39.7042,119.1506,48.06,82,100,4.92,CN,2022-04-28 01:39:01
223,Zeya,53.75,127.2667,47.75,22,17,7.61,RU,2022-04-28 01:39:02
224,Tumaco,1.7986,-78.8156,77.74,88,97,4.7,CO,2022-04-28 01:39:02
225,Cap Malheureux,-19.9842,57.6142,73.47,85,3,1.01,MU,2022-04-28 01:39:03
226,Masuda,34.6667,131.85,61.07,67,40,5.75,JP,2022-04-28 01:39:03
227,Sitka,57.0531,-135.33,48.09,61,100,5.75,US,2022-04-28 01:39:04
228,Sant Feliu De Guixols,41.7833,3.0333,53.92,82,100,4.92,ES,2022-04-28 01:39:05
229,Santa Maria,-29.6842,-53.8069,69.1,88,75,6.91,BR,2022-04-28 01:39:06
230,Camapua,-19.5314,-54.0439,73.11,66,24,2.28,BR,2022-04-28 01:39:06
231,Coihaique,-45.5752,-72.0662,30.81,93,20,0.0,CL,2022-04-28 01:34:55
232,Bairiki,1.3292,172.9752,86.0,74,20,10.36,KI,2022-04-28 01:39:07
233,Pacific Grove,36.6177,-121.9166,62.55,72,40,12.66,US,2022-04-28 01:39:08
234,Wajid,3.8093,43.2471,73.54,89,54,9.66,SO,2022-04-28 01:39:08
235,Hirara,24.8,125.2833,84.06,78,40,13.8,JP,2022-04-28 01:39:09
236,San Luis,-33.295,-66.3356,52.32,39,0,1.45,AR,2022-04-28 01:39:09
237,Neiafu,-18.65,-173.9833,83.08,65,75,16.11,TO,2022-04-28 01:39:10
238,Ca Mau,9.1769,105.15,89.17,57,100,5.46,VN,2022-04-28 01:39:05
239,Homer,59.6425,-151.5483,53.76,58,0,11.5,US,2022-04-28 01:39:10
240,Tasiilaq,65.6145,-37.6368,32.16,85,81,6.33,GL,2022-04-28 01:39:11
241,Baijiantan,45.6333,85.1833,63.16,24,0,14.58,CN,2022-04-28 01:39:11
242,Formosa,-26.1775,-58.1781,84.18,70,0,14.97,AR,2022-04-28 01:39:11
243,Lagoa,39.05,-27.9833,62.44,94,100,32.19,PT,2022-04-28 01:39:12
244,Maldonado,-34.6667,-54.9167,51.22,87,0,2.39,UY,2022-04-28 01:39:12
245,Isangel,-19.55,169.2667,78.73,76,100,15.57,VU,2022-04-28 01:39:13
246,Guanica,17.9716,-66.908,75.11,92,21,5.86,PR,2022-04-28 01:39:14
247,Gusinoye Ozero,51.1144,106.2614,40.8,35,99,16.58,RU,2022-04-28 01:39:14
248,Toktogul,41.8708,72.9402,54.61,48,0,2.59,KG,2022-04-28 01:39:15
249,Otavalo,0.2333,-78.2667,55.62,94,33,2.35,EC,2022-04-28 01:39:15
250,Salmas,38.1973,44.7653,52.59,67,26,2.42,IR,2022-04-28 01:39:16
251,Roald,62.5833,6.1333,42.33,70,100,11.5,NO,2022-04-28 01:39:16
252,Sao Joao Da Barra,-21.6403,-41.0511,75.54,86,0,11.43,BR,2022-04-28 01:39:16
253,Cockburn Town,21.4612,-71.1419,75.31,61,4,15.88,TC,2022-04-28 01:39:17
254,Coolum Beach,-26.5333,153.1,76.1,90,52,1.01,AU,2022-04-28 01:39:17
255,Ormara,25.2088,64.6357,82.67,79,5,11.1,PK,2022-04-28 01:39:18
256,Dingle,10.9995,122.6711,84.38,74,100,11.32,PH,2022-04-28 01:38:54
257,Kahului,20.8947,-156.47,82.42,64,40,21.85,US,2022-04-28 01:39:19
258,Aitape,-3.1374,142.3475,87.22,63,89,5.23,PG,2022-04-28 01:39:19
259,Namibe,-15.1961,12.1522,72.66,74,39,3.22,AO,2022-04-28 01:39:20
260,Shelburne,44.0787,-80.2041,30.76,71,100,9.86,CA,2022-04-28 01:39:20
261,Henties Bay,-22.116,14.2845,62.78,73,8,3.24,NA,2022-04-28 01:39:21
262,Cartagena,10.3997,-75.5144,82.02,83,20,8.05,CO,2022-04-28 01:39:21
263,Kadnikov,59.5022,40.338,23.68,84,12,3.71,RU,2022-04-28 01:39:22
264,Griffith,41.5284,-87.4237,36.05,79,100,13.8,US,2022-04-28 01:39:22
265,Clyde River,70.4692,-68.5914,-0.17,71,0,4.61,CA,2022-04-28 01:39:23
266,Tilichiki,60.4667,166.1,33.31,100,100,9.57,RU,2022-04-28 01:39:23
267,Kilindoni,-7.9139,39.6668,80.22,80,100,18.88,TZ,2022-04-28 01:39:23
268,Yarada,17.65,83.2667,84.52,84,20,5.75,IN,2022-04-28 01:39:24
269,Camacha,33.0833,-16.3333,58.42,72,20,6.91,PT,2022-04-28 01:39:24
270,Gamba,-2.65,10.0,74.48,91,91,5.1,GA,2022-04-28 01:39:25
271,Laguna,38.421,-121.4238,73.38,36,0,13.8,US,2022-04-28 01:38:45
272,Solok,-0.7918,100.6593,72.55,73,98,2.13,ID,2022-04-28 01:39:25
273,Pringsewu,-5.3582,104.9744,72.45,96,100,6.73,ID,2022-04-28 01:39:26
274,Chake Chake,-5.2459,39.7666,75.97,89,100,6.78,TZ,2022-04-28 01:39:26
275,Guarapari,-20.6667,-40.4975,75.88,88,2,5.93,BR,2022-04-28 01:39:27
276,Taiyuan,37.8694,112.5603,48.06,66,40,2.24,CN,2022-04-28 01:37:08
277,Erenhot,43.6475,111.9767,48.29,20,79,9.17,CN,2022-04-28 01:39:27
278,Maceio,-9.6658,-35.7353,74.64,88,75,2.3,BR,2022-04-28 01:39:28
279,Kharan,28.5833,65.4167,81.48,21,52,3.94,PK,2022-04-28 01:39:28
280,Konstantinovka,49.6167,127.9833,47.89,32,0,10.89,RU,2022-04-28 01:39:28
281,Vangaindrano,-23.35,47.6,69.17,69,0,13.62,MG,2022-04-28 01:39:29
282,Kizukuri,40.8061,140.3861,58.95,51,13,11.39,JP,2022-04-28 01:39:29
283,Hambantota,6.1241,81.1185,83.23,76,13,5.01,LK,2022-04-28 01:39:30
284,Capaci,38.1711,13.2393,62.65,49,20,3.44,IT,2022-04-28 01:39:30
285,Nanakuli,21.3906,-158.1547,82.35,59,75,11.5,US,2022-04-28 01:39:30
286,Matara,5.9485,80.5353,81.75,80,35,1.5,LK,2022-04-28 01:39:31
287,Nazareno,25.3833,-103.4167,86.31,29,0,11.18,MX,2022-04-28 01:39:31
288,Ust-Koksa,50.2696,85.6108,42.76,65,7,1.05,RU,2022-04-28 01:39:32
289,Olinda,-8.0089,-34.8553,82.13,74,40,9.22,BR,2022-04-28 01:35:43
290,Tadine,-21.55,167.8833,76.3,72,100,18.68,NC,2022-04-28 01:39:32
291,Iqaluit,63.7506,-68.5145,13.73,72,100,21.85,CA,2022-04-28 01:39:33
292,Traverse City,44.7631,-85.6206,33.91,66,1,5.77,US,2022-04-28 01:36:18
293,Martapura,-3.4167,114.85,86.09,70,39,0.0,ID,2022-04-28 01:39:33
294,Lufilufi,-13.8745,-171.5986,87.58,74,28,17.54,WS,2022-04-28 01:39:34
295,Kemin,42.7846,75.6892,52.86,57,0,7.18,KG,2022-04-28 01:39:34
296,Kavaratti,10.5669,72.642,84.76,75,80,4.32,IN,2022-04-28 01:39:34
297,Zunyi,27.6867,106.9072,68.9,90,97,6.02,CN,2022-04-28 01:39:35
298,Coari,-4.085,-63.1414,74.39,96,100,1.92,BR,2022-04-28 01:39:35
299,Silifke,36.3778,33.9344,67.08,36,20,4.25,TR,2022-04-28 01:39:36
300,Hualmay,-11.0964,-77.6139,66.36,89,100,7.29,PE,2022-04-28 01:39:36
301,Wagar,16.1525,36.2032,83.37,7,7,9.71,SD,2022-04-28 01:39:37
302,Deneysville,-26.8908,28.0971,45.72,51,0,2.91,ZA,2022-04-28 01:39:37
303,Isabela,6.7085,121.9711,80.65,87,100,2.75,PH,2022-04-28 01:39:37
304,Ilulissat,69.2167,-51.1,32.02,86,100,0.0,GL,2022-04-28 01:39:38
305,Japura,-0.3167,102.35,80.37,89,100,2.19,ID,2022-04-28 01:39:38
306,Olga,43.7444,135.2892,54.09,27,100,8.59,RU,2022-04-28 01:39:39
307,Fort Nelson,58.8053,-122.7002,33.39,93,100,9.22,CA,2022-04-28 01:39:39
308,Minot,48.2325,-101.2963,43.02,70,0,12.66,US,2022-04-28 01:39:40
309,Dosso,13.049,3.1937,85.01,16,100,2.37,NE,2022-04-28 01:39:40
310,Hobyo,5.3505,48.5268,83.01,75,29,7.74,SO,2022-04-28 01:39:41
311,Nishihara,26.1842,127.7558,82.45,80,75,14.97,JP,2022-04-28 01:39:41
312,Vozhega,60.4725,40.2213,19.62,90,81,2.24,RU,2022-04-28 01:39:41
313,Oxford,51.7522,-1.256,43.77,85,14,5.06,GB,2022-04-28 01:36:55
314,Buala,-8.145,159.5921,86.05,67,18,3.22,SB,2022-04-28 01:39:42
315,Miahuatlan,18.5667,-97.4333,59.43,71,16,9.04,MX,2022-04-28 01:39:42
316,Cornwall,45.0181,-74.7281,37.78,65,100,10.36,CA,2022-04-28 01:39:43
317,Skelleftea,64.7507,20.9528,25.16,61,77,3.44,SE,2022-04-28 01:39:43
318,Sao Filipe,14.8961,-24.4956,71.38,70,5,8.77,CV,2022-04-28 01:39:44
319,Tomatlan,19.9333,-105.25,75.36,68,0,4.68,MX,2022-04-28 01:39:44
320,Reconquista,-29.15,-59.65,64.8,79,44,6.08,AR,2022-04-28 01:39:44
321,Manali,13.1667,80.2667,84.29,90,9,12.19,IN,2022-04-28 01:39:45
322,Iracoubo,5.4802,-53.2011,78.44,88,100,7.52,GF,2022-04-28 01:39:45
323,Burdur,37.7203,30.2908,43.5,87,0,0.0,TR,2022-04-28 01:39:46
324,Road Town,18.4167,-64.6167,75.29,60,40,8.05,VG,2022-04-28 01:39:46
325,Conceicao Da Barra,-18.5933,-39.7322,74.21,87,0,4.56,BR,2022-04-28 01:39:46
326,Anori,-3.7728,-61.6442,73.83,97,100,2.1,BR,2022-04-28 01:39:47
327,Yarmouth,41.7057,-70.2286,50.14,61,20,23.0,US,2022-04-28 01:39:47
328,Qiqihar,47.3408,123.9672,52.93,14,0,8.66,CN,2022-04-28 01:39:48
329,Severo-Kurilsk,50.6789,156.125,33.6,84,74,23.62,RU,2022-04-28 01:38:58
330,Chokwe,-24.5333,32.9833,60.17,95,0,5.59,MZ,2022-04-28 01:39:48
331,Shouguang,36.88,118.7375,58.12,38,100,15.99,CN,2022-04-28 01:39:49
332,Lovozero,68.005,35.0117,19.85,84,65,11.1,RU,2022-04-28 01:39:49
333,Port Said,31.2565,32.2841,66.51,66,0,6.67,EG,2022-04-28 01:39:50
334,Marstal,54.8562,10.5173,40.91,86,18,5.55,DK,2022-04-28 01:39:50
335,Port Blair,11.6667,92.75,82.44,89,40,2.3,IN,2022-04-28 01:39:50
336,Samfya,-11.3649,29.5565,63.28,86,100,11.36,ZM,2022-04-28 01:39:51
337,Whitley Bay,55.0397,-1.4471,43.2,75,100,2.3,GB,2022-04-28 01:39:51
338,Kununurra,-15.7667,128.7333,91.38,43,99,5.75,AU,2022-04-28 01:39:52
339,Novyy Urengoy,66.0833,76.6333,18.01,90,60,5.53,RU,2022-04-28 01:38:58
340,Patacamaya,-17.2333,-67.9167,48.11,73,3,4.25,BO,2022-04-28 01:39:52
341,Honiara,-9.4333,159.95,85.69,72,95,4.88,SB,2022-04-28 01:39:53
342,Zabaykalsk,49.6333,117.3167,47.07,23,45,14.7,RU,2022-04-28 01:39:53
343,Guerrero Negro,27.9769,-114.0611,61.61,79,0,17.69,MX,2022-04-28 01:39:53
344,Mzimba,-11.9,33.6,60.93,95,100,10.76,MW,2022-04-28 01:39:54
345,Zhengjiatun,43.5064,123.5064,60.03,13,100,10.65,CN,2022-04-28 01:39:54
346,Namtsy,62.7161,129.6658,30.27,74,21,8.05,RU,2022-04-28 01:39:55
347,Tucuman,-26.8241,-65.2226,59.0,82,75,6.91,AR,2022-04-28 01:39:55
348,Copala,16.65,-98.9833,81.09,67,0,3.94,MX,2022-04-28 01:39:56
349,Las Palmas,28.4204,-14.0131,61.59,72,20,20.71,ES,2022-04-28 01:39:56
350,Nouadhibou,20.931,-17.0347,64.62,81,0,23.15,MR,2022-04-28 01:39:57
351,San Martin,-33.081,-68.4681,61.34,25,2,9.44,AR,2022-04-28 01:39:57
352,Adre,13.4667,22.2,80.01,43,82,3.02,TD,2022-04-28 01:39:58
353,Hamilton,39.1834,-84.5333,56.25,58,20,6.91,US,2022-04-28 01:39:58
354,Skibotn,69.3913,20.2679,23.54,88,100,6.71,NO,2022-04-28 01:39:58
355,Inirida,3.8653,-67.9239,72.05,93,32,1.95,CO,2022-04-28 01:39:59
356,Liuzhou,24.3126,109.3892,80.1,77,93,10.63,CN,2022-04-28 01:39:59
357,Saint-Georges,12.0564,-61.7485,78.48,89,40,0.0,GD,2022-04-28 01:39:01
358,Hay River,60.8156,-115.7999,39.16,60,75,4.61,CA,2022-04-28 01:39:05
359,Kipushi,-11.7667,27.2333,55.4,97,22,4.47,CD,2022-04-28 01:40:00
360,Machhiwara,30.9147,76.1983,88.57,13,0,2.95,IN,2022-04-28 01:40:01
361,Ler,8.3018,30.1418,81.16,57,100,8.3,SS,2022-04-28 01:40:01
362,San Ignacio,17.1561,-89.0714,73.54,100,75,0.0,BZ,2022-04-28 01:40:02
363,Lavrentiya,65.5833,-171.0,28.51,81,6,4.12,RU,2022-04-28 01:40:02
364,Klyuchi,52.2667,79.1667,55.65,46,100,6.22,RU,2022-04-28 01:40:03
365,Thompson,55.7435,-97.8558,42.96,28,20,8.05,CA,2022-04-28 01:40:03
366,Manggar,-2.8833,108.2667,82.92,76,99,8.68,ID,2022-04-28 01:40:04
367,Kuytun,54.3419,101.5036,40.12,42,0,4.9,RU,2022-04-28 01:40:04
368,Westport,41.1415,-73.3579,45.75,52,0,20.71,US,2022-04-28 01:35:13
369,Sembe,1.6481,14.5806,69.62,98,81,1.23,CG,2022-04-28 01:40:05
370,Moussoro,13.6408,16.4901,85.12,40,100,8.12,TD,2022-04-28 01:40:06
371,Cayenne,4.9333,-52.3333,82.09,1,100,2.3,GF,2022-04-28 01:38:33
372,Kilgore,32.3863,-94.8758,72.23,59,0,3.44,US,2022-04-28 01:40:07
373,Miraflores,19.2167,-98.8083,58.03,58,93,2.24,MX,2022-04-28 01:40:08
374,Palauig,15.435,119.9045,86.86,64,100,3.67,PH,2022-04-28 01:40:09
375,Biltine,14.5333,20.9167,84.81,44,70,10.96,TD,2022-04-28 01:40:09
376,Hope,33.6671,-93.5916,68.05,64,25,6.08,US,2022-04-28 01:40:10
377,Ponta Do Sol,32.6667,-17.1,61.43,73,52,5.01,PT,2022-04-28 01:40:10
378,Bardiyah,31.7561,25.0865,63.72,64,18,4.94,LY,2022-04-28 01:40:10
379,Miramar,25.9873,-80.2323,78.82,72,0,6.91,US,2022-04-28 01:40:11
380,Hovd,48.0056,91.6419,39.15,47,18,2.26,MN,2022-04-28 01:39:00
381,Barra Do Garcas,-15.89,-52.2567,71.29,64,0,1.48,BR,2022-04-28 01:40:11
382,Bom Jardim,-7.7958,-35.5872,69.91,94,100,3.53,BR,2022-04-28 01:40:12
383,Natal,-5.795,-35.2094,77.65,94,75,4.61,BR,2022-04-28 01:39:09
384,Sananduva,-27.9497,-51.8067,66.13,92,96,4.43,BR,2022-04-28 01:40:12
385,Providencia,28.7167,-111.5833,87.21,31,0,9.01,MX,2022-04-28 01:40:13
386,Sinjar,36.3209,41.8754,64.96,58,96,2.71,IQ,2022-04-28 01:40:13
387,Vila Velha,-20.3297,-40.2925,75.94,90,0,3.44,BR,2022-04-28 01:40:14
388,Andenes,69.3143,16.1194,28.38,69,75,21.85,NO,2022-04-28 01:40:14
389,Kiunga,-6.1219,141.2906,88.66,61,88,3.31,PG,2022-04-28 01:40:15
390,Arman,59.7,150.1667,37.02,55,100,17.18,RU,2022-04-28 01:40:15
391,Vereshchagino,58.0789,54.6557,49.17,96,98,9.95,RU,2022-04-28 01:40:15
392,Samarai,-10.6167,150.6667,83.86,73,12,4.65,PG,2022-04-28 01:40:16
393,Ambon,-3.6954,128.1814,86.14,74,20,2.3,ID,2022-04-28 01:39:15
394,Seymchan,62.8833,152.4333,25.2,75,100,18.3,RU,2022-04-28 01:40:17
395,Puerto Baquerizo Moreno,-0.9,-89.6,72.09,87,4,6.98,EC,2022-04-28 01:40:09
396,Windham,41.8334,-72.0001,44.65,52,0,11.5,US,2022-04-28 01:40:17
397,Beloha,-25.1667,45.05,64.69,82,64,6.35,MG,2022-04-28 01:40:17
398,Saint-Augustin,51.226,-58.6502,34.12,99,100,7.52,CA,2022-04-28 01:40:18
399,Tupik,54.4253,119.9327,42.13,28,100,0.81,RU,2022-04-28 01:40:18
400,San-Pedro,4.7485,-6.6363,79.59,84,100,3.4,CI,2022-04-28 01:40:19
401,Faya,18.3851,42.4509,57.31,40,0,4.63,SA,2022-04-28 01:40:19
402,Olafsvik,64.8945,-23.7142,43.0,73,46,2.82,IS,2022-04-28 01:40:20
403,Yar-Sale,66.8333,70.8333,15.87,80,82,6.8,RU,2022-04-28 01:40:20
404,Broome,42.2506,-75.833,35.85,76,100,9.22,US,2022-04-28 01:40:21
405,Anloga,5.7947,0.8973,78.73,85,100,17.22,GH,2022-04-28 01:40:21
406,Najran,17.4924,44.1277,72.25,42,1,4.72,SA,2022-04-28 01:40:21
407,Palu,-0.8917,119.8707,89.91,56,90,2.33,ID,2022-04-28 01:40:22
408,Boende,-0.2167,20.8667,69.49,98,71,0.43,CD,2022-04-28 01:40:22
409,San Ramon,37.7799,-121.978,63.37,61,0,13.8,US,2022-04-28 01:40:02
410,Channel-Port Aux Basques,47.5702,-59.1367,37.56,95,100,11.88,CA,2022-04-28 01:40:23
411,Lincoln,40.8,-96.667,75.27,47,0,18.41,US,2022-04-28 01:36:49
412,Broken Hill,-31.95,141.4333,62.31,88,80,6.91,AU,2022-04-28 01:40:24
413,Ust-Nera,64.5667,143.2,21.16,76,100,6.02,RU,2022-04-28 01:40:24
414,Petropavlovsk-Kamchatskiy,53.0452,158.6483,37.99,75,75,8.95,RU,2022-04-28 01:40:25
415,Samana,19.2056,-69.3369,70.95,71,13,7.11,DO,2022-04-28 01:40:25
416,Phuket,8.0,98.25,89.1,79,40,8.05,TH,2022-04-28 01:40:25
417,Puerto Madryn,-42.7692,-65.0385,43.7,64,100,23.44,AR,2022-04-28 01:40:26
418,Nanortalik,60.1432,-45.2371,38.16,94,100,9.55,GL,2022-04-28 01:40:26
419,San Cristobal,7.7669,-72.225,71.78,97,89,1.28,VE,2022-04-28 01:40:27
420,Raudeberg,61.9875,5.1352,41.67,93,100,13.73,NO,2022-04-28 01:40:27
421,Port Hardy,50.6996,-127.4199,48.38,76,75,10.36,CA,2022-04-28 01:40:28
422,Lasa,46.6166,10.7002,41.36,73,0,3.13,IT,2022-04-28 01:40:28
423,Lao Cai,22.4833,103.95,88.93,57,22,2.77,VN,2022-04-28 01:40:29
424,Stornoway,58.2093,-6.3865,35.56,93,20,0.0,GB,2022-04-28 01:40:29
425,Along,28.1667,94.7667,76.73,57,100,0.6,IN,2022-04-28 01:40:30
426,Mount Isa,-20.7333,139.5,85.77,48,62,6.91,AU,2022-04-28 01:39:05
427,Nantucket,41.2835,-70.0995,51.85,55,5,31.38,US,2022-04-28 01:40:16
428,Rocha,-34.4833,-54.3333,52.03,91,0,1.23,UY,2022-04-28 01:40:31
429,Bilma,18.6853,12.9164,85.66,11,0,8.21,NE,2022-04-28 01:40:31
430,Jarabacoa,19.1218,-70.6422,67.28,93,94,2.21,DO,2022-04-28 01:40:31
431,Guiren,33.6697,118.1889,60.55,44,97,11.86,CN,2022-04-28 01:40:32
432,Moindou,-21.6924,165.677,77.68,62,100,6.08,NC,2022-04-28 01:40:32
433,Scottsbluff,41.8666,-103.6672,66.43,35,0,21.85,US,2022-04-28 01:40:33
434,Dudinka,69.4058,86.1778,31.62,93,99,10.49,RU,2022-04-28 01:40:33
435,Besleney,44.2405,41.7387,56.03,92,100,2.44,RU,2022-04-28 01:40:33
436,Jiangyou,31.7667,104.7167,69.12,72,61,5.44,CN,2022-04-28 01:40:34
437,Moerai,-22.4333,-151.3333,79.81,77,11,14.7,PF,2022-04-28 01:40:34
438,Lazaro Cardenas,17.9583,-102.2,77.95,70,0,7.09,MX,2022-04-28 01:40:35
439,Sedan,49.6667,5.0,43.0,86,4,6.22,FR,2022-04-28 01:40:35
440,Dakar,14.6937,-17.4441,68.88,85,6,16.62,SN,2022-04-28 01:40:11
441,Bengbu,32.9408,117.3608,61.63,52,55,13.89,CN,2022-04-28 01:40:36
442,Shimoda,34.6667,138.95,61.16,68,100,19.75,JP,2022-04-28 01:40:36
443,Dongying,37.4564,118.4856,52.72,64,100,14.0,CN,2022-04-28 01:40:37
444,Medea,36.2642,2.7539,50.41,97,100,4.54,DZ,2022-04-28 01:40:37
445,Tornio,65.8481,24.1466,24.82,84,35,6.91,FI,2022-04-28 01:40:38
446,Altamira,-3.2033,-52.2064,73.24,97,100,1.21,BR,2022-04-28 01:38:44
447,Grootfontein,-19.5667,18.1167,60.37,72,95,0.0,NA,2022-04-28 01:40:38
448,Taft,31.7471,54.2088,62.55,34,0,4.61,IR,2022-04-28 01:40:39
449,Trelew,-43.249,-65.3051,43.61,56,100,16.33,AR,2022-04-28 01:40:39
450,Ossora,59.2353,163.0719,32.9,100,100,11.81,RU,2022-04-28 01:40:39
451,Merauke,-8.4667,140.3333,85.93,66,98,8.16,ID,2022-04-28 01:40:40
452,Ahuimanu,21.4447,-157.8378,82.11,72,75,16.11,US,2022-04-28 01:40:40
453,Zaozerne,45.1582,33.2787,52.03,75,0,13.38,UA,2022-04-28 01:40:41
454,Dzerzhinskoye,56.8344,95.2283,42.48,84,100,5.75,RU,2022-04-28 01:40:41
455,Shache,38.4167,77.2406,65.55,18,9,13.73,CN,2022-04-28 01:40:42
456,Raga,8.4596,25.678,75.02,77,92,5.32,SS,2022-04-28 01:40:42
457,Port Pirie,-33.1833,138.0167,75.29,41,37,16.75,AU,2022-04-28 01:40:42
458,Dwarka,22.2394,68.9678,82.45,76,5,8.81,IN,2022-04-28 01:40:43
459,Cheremukhovo,60.3484,59.9851,40.5,95,100,1.99,RU,2022-04-28 01:40:43
460,Bonfim,3.0833,-59.95,80.42,76,100,1.81,BR,2022-04-28 01:40:44
461,Havelock,34.8791,-76.9013,64.35,70,0,5.75,US,2022-04-28 01:37:22
462,Comodoro Rivadavia,-45.8667,-67.5,44.46,45,40,13.8,AR,2022-04-28 01:40:44
463,Svetlyy,54.675,20.1347,39.96,79,100,3.13,RU,2022-04-28 01:40:45
464,Wuning,29.2589,120.2311,70.65,75,99,2.62,CN,2022-04-28 01:40:45
465,Myanaung,18.2833,95.3167,91.08,53,100,6.42,MM,2022-04-28 01:40:46
466,Victor Harbor,-35.5667,138.6167,72.0,65,85,11.92,AU,2022-04-28 01:40:46
467,Labuhan,-6.8844,112.2051,80.46,83,100,3.83,ID,2022-04-28 01:40:47
468,Perbaungan,3.5679,98.956,80.71,74,93,2.57,ID,2022-04-28 01:40:47
469,Rawson,-43.3002,-65.1023,45.46,52,100,18.19,AR,2022-04-28 01:40:48
470,Bonthe,7.5264,-12.505,80.04,84,100,4.85,SL,2022-04-28 01:40:48
471,Yamada,39.4667,141.95,56.61,44,0,5.12,JP,2022-04-28 01:40:48
472,Leh,34.1667,77.5833,42.49,53,0,4.72,IN,2022-04-28 01:40:49
473,Madisonville,37.3281,-87.4989,57.87,53,17,3.71,US,2022-04-28 01:40:49
474,Manta,-0.95,-80.7333,78.58,83,75,8.05,EC,2022-04-28 01:40:50
475,Nioro,13.35,-15.75,77.63,44,17,6.02,GM,2022-04-28 01:40:50
476,Lucelia,-21.7203,-51.0189,74.55,55,100,7.25,BR,2022-04-28 01:40:50
477,Luanda,-8.8368,13.2343,76.75,89,100,7.36,AO,2022-04-28 01:37:10
478,Marienburg,54.0359,19.0266,42.12,81,99,5.35,PL,2022-04-28 01:40:51
479,Morondava,-20.2833,44.2833,72.97,68,0,13.94,MG,2022-04-28 01:40:51
480,Sabang,5.8933,95.3214,84.34,75,98,9.71,ID,2022-04-28 01:40:52
481,Sandila,27.0833,80.5167,91.74,10,0,0.72,IN,2022-04-28 01:40:52
482,Mange,8.9167,-12.85,78.84,87,97,2.17,SL,2022-04-28 01:40:53
483,Aktash,50.3,87.7333,29.59,62,8,0.78,RU,2022-04-28 01:40:53
484,Mogadishu,2.0371,45.3438,82.13,76,85,7.78,SO,2022-04-28 01:40:54
485,Houma,29.5958,-90.7195,68.0,58,0,5.75,US,2022-04-28 01:40:54
486,Erzin,36.9559,36.2,62.58,44,100,2.37,TR,2022-04-28 01:40:54
487,Solnechnyy,50.7214,136.6319,35.42,82,48,12.8,RU,2022-04-28 01:40:55
488,Brae,60.3964,-1.353,43.7,67,100,6.55,GB,2022-04-28 01:40:55
489,Uchkent,43.1143,47.0826,62.46,72,40,4.34,RU,2022-04-28 01:40:56
490,Evensk,61.95,159.2333,35.78,91,100,23.89,RU,2022-04-28 01:40:56
491,Ifakara,-8.1333,36.6833,70.48,98,98,2.08,TZ,2022-04-28 01:40:56
492,San Rafael,-34.6177,-68.3301,49.64,44,0,21.3,AR,2022-04-28 01:40:57
493,Tessalit,20.1986,1.0114,73.71,15,0,5.68,ML,2022-04-28 01:40:57
494,Brigantine,39.4101,-74.3646,48.4,52,100,18.41,US,2022-04-28 01:40:58
495,Idukki,9.85,76.9667,74.71,83,50,1.14,IN,2022-04-28 01:40:58
496,Ulladulla,-35.35,150.4667,67.1,63,49,6.55,AU,2022-04-28 01:40:58
497,Freistadt,48.511,14.5045,41.52,92,23,4.27,AT,2022-04-28 01:40:59
498,Kita,13.0349,-9.4895,84.94,21,3,4.83,ML,2022-04-28 01:40:59
499,Dorchester,33.1002,-80.3831,62.13,64,0,0.0,US,2022-04-28 01:41:00
500,Inhambane,-23.865,35.3833,68.81,73,43,9.55,MZ,2022-04-28 01:41:00
501,Bud,39.447,-86.1758,55.42,72,84,8.63,US,2022-04-28 01:41:00
502,Vardo,70.3705,31.1107,23.0,79,96,16.96,NO,2022-04-28 01:41:01
503,Porbandar,21.6422,69.6093,81.93,75,3,10.4,IN,2022-04-28 01:41:01
504,Campos,-21.75,-41.3,70.88,94,0,3.42,BR,2022-04-28 01:41:02
505,Watertown,42.3709,-71.1828,47.55,55,100,19.57,US,2022-04-28 01:41:02
506,Scarborough,54.2797,-0.4044,44.17,78,99,1.01,GB,2022-04-28 01:40:05
507,Vostok,46.4856,135.8833,41.86,48,41,15.01,RU,2022-04-28 01:36:26
508,Lokosovo,61.1333,74.8167,44.28,99,100,8.1,RU,2022-04-28 01:41:03
509,San Carlos De Bariloche,-41.1456,-71.3082,31.75,100,75,6.91,AR,2022-04-28 01:39:51
510,Esperance,-33.8667,121.9,60.64,59,0,23.0,AU,2022-04-28 01:41:04
511,Marica,-22.9194,-42.8186,80.51,81,1,6.08,BR,2022-04-28 01:41:04
512,Juneau,58.3019,-134.4197,45.21,93,100,6.91,US,2022-04-28 01:36:07
513,Tweed,44.4751,-77.3162,37.06,63,58,7.94,CA,2022-04-28 01:41:05
514,Jinka,5.65,36.65,61.61,89,98,1.68,ET,2022-04-28 01:41:06
515,Garwa,24.1833,83.8167,91.49,12,0,0.78,IN,2022-04-28 01:41:06
516,Outjo,-20.1167,16.15,68.83,43,66,12.15,NA,2022-04-28 01:41:07
517,Port Antonio,18.18,-76.4612,78.71,84,15,6.38,JM,2022-04-28 01:41:07
518,Staryy Nadym,65.6118,72.6842,23.14,81,62,4.09,RU,2022-04-28 01:41:08
519,Guararema,-23.415,-46.035,70.36,77,14,2.08,BR,2022-04-28 01:41:08
520,Kailua,21.4022,-157.7394,82.38,79,80,3.0,US,2022-04-28 01:41:09
521,Acapulco,16.8634,-99.8901,82.22,78,0,8.05,MX,2022-04-28 01:41:09
522,Changtu,42.7788,124.0955,56.03,18,100,4.54,CN,2022-04-28 01:41:10
523,Tuatapere,-46.1333,167.6833,56.68,66,43,3.42,NZ,2022-04-28 01:41:10
524,Terney,45.0503,136.6092,50.27,33,99,10.56,RU,2022-04-28 01:41:11
525,Taoudenni,22.6783,-3.9836,79.12,16,0,8.81,ML,2022-04-28 01:41:11
526,Araouane,18.9048,-3.5265,74.08,15,0,6.29,ML,2022-04-28 01:41:12
527,Esso,55.9333,158.7,29.07,94,100,7.11,RU,2022-04-28 01:41:12
528,Asosa,10.0667,34.5333,68.34,57,99,2.48,ET,2022-04-28 01:41:13
529,Kamsack,51.5667,-101.9009,32.45,82,61,12.21,CA,2022-04-28 01:41:13
530,Tynda,55.1667,124.7167,40.24,37,64,5.06,RU,2022-04-28 01:41:14
531,Ouesso,1.6136,16.0517,69.46,97,16,1.12,CG,2022-04-28 01:41:14
532,Gweta,-20.1833,25.2333,64.35,66,0,12.91,BW,2022-04-28 01:41:15
533,Saint-Joseph,-21.3667,55.6167,71.2,76,0,1.57,RE,2022-04-28 01:41:15
534,Axim,4.8699,-2.2405,79.14,85,100,4.76,GH,2022-04-28 01:41:16
535,Lappeenranta,61.0587,28.1887,28.45,73,0,2.3,FI,2022-04-28 01:41:16
536,Yuancheng,36.652,107.7896,51.19,44,50,3.67,CN,2022-04-28 01:41:17
537,Cam Ranh,11.9214,109.1591,85.96,74,20,2.3,VN,2022-04-28 01:41:17
538,Baykit,61.67,96.37,37.31,76,100,5.23,RU,2022-04-28 01:41:18
539,San Felipe,10.3399,-68.7425,72.82,97,100,3.18,VE,2022-04-28 01:41:18
540,Gizo,-8.103,156.8419,84.78,70,98,5.01,SB,2022-04-28 01:41:19
541,Nchelenge,-9.3451,28.734,66.85,91,100,6.38,ZM,2022-04-28 01:41:19
542,Jega,12.2175,4.3792,87.71,35,100,6.91,NG,2022-04-28 01:41:20
543,College,64.8569,-147.8028,53.92,32,40,8.05,US,2022-04-28 01:41:21
544,Cariati,39.4922,16.9594,58.44,74,4,10.22,IT,2022-04-28 01:41:21
545,Ewa Beach,21.3156,-158.0072,82.35,60,75,16.11,US,2022-04-28 01:36:26
546,Awjilah,29.1081,21.2869,75.33,17,59,17.52,LY,2022-04-28 01:41:22
547,Poum,-20.2333,164.0167,76.48,75,100,21.07,NC,2022-04-28 01:41:22
548,Pemberton,50.3164,-122.8027,49.69,81,46,2.51,CA,2022-04-28 01:41:23
549,Marzuq,14.4,46.4667,70.21,55,6,6.29,YE,2022-04-28 01:41:23
550,Necochea,-38.5473,-58.7368,54.63,51,10,16.96,AR,2022-04-28 01:41:24
551,Chulumani,-16.4096,-67.5263,65.88,95,88,0.74,BO,2022-04-28 01:41:24
552,Lagdo,9.05,13.7333,77.36,68,100,3.96,CM,2022-04-28 01:41:25
553,Mutata,7.2441,-76.4356,75.0,98,100,2.06,CO,2022-04-28 01:41:25
554,Yakima,46.4665,-120.6678,57.83,45,100,6.91,US,2022-04-28 01:41:25
555,Kushiro,42.975,144.3747,56.35,21,40,17.27,JP,2022-04-28 01:40:55
556,Booue,-0.0921,11.9385,72.82,96,99,2.33,GA,2022-04-28 01:41:26
557,Fjerritslev,57.0813,9.2664,40.86,75,11,13.78,DK,2022-04-28 01:41:26
558,Chelno-Vershiny,54.4333,51.1,51.24,91,100,12.35,RU,2022-04-28 01:41:27
559,Carutapera,-1.195,-46.02,75.81,93,100,4.68,BR,2022-04-28 01:41:27
560,Taihe,30.8712,105.3845,68.92,47,100,11.39,CN,2022-04-28 01:41:28
561,Bam,29.106,58.357,73.8,32,100,2.86,IR,2022-04-28 01:41:28
562,Bondoukou,8.0333,-2.8,72.45,94,100,5.23,CI,2022-04-28 01:41:29
563,Grand Gaube,-20.0064,57.6608,73.38,85,1,4.63,MU,2022-04-28 01:41:29
564,Saint-Gabriel,46.3001,-73.3824,37.08,66,11,10.71,CA,2022-04-28 01:41:30
565,Talnakh,69.4865,88.3972,31.21,99,100,10.0,RU,2022-04-28 01:41:30
566,Ashtian,34.5217,50.0019,49.53,64,0,2.75,IR,2022-04-28 01:41:31
567,Newport,51.5877,-2.9984,45.14,70,94,10.98,GB,2022-04-28 01:41:31
568,Beidao,34.5686,105.8933,55.81,63,17,2.55,CN,2022-04-28 01:41:31
569,Narsaq,60.9167,-46.05,41.22,86,100,3.87,GL,2022-04-28 01:41:32
570,Paka,4.6374,103.4368,84.13,84,20,1.14,MY,2022-04-28 01:41:32
571,Kungurtug,50.5994,97.5228,38.59,48,22,2.93,RU,2022-04-28 01:41:33
572,Aksu,41.1231,80.2644,60.51,37,27,5.93,CN,2022-04-28 01:41:33
573,Linqing,36.8456,115.7117,48.38,76,100,15.01,CN,2022-04-28 01:41:34
