City_ID,City,Country,Date,Lat,Lng,Max Temp,Humidity,Cloudiness,Wind Speed
0,Cuamba,MZ,2022-04-28 01:37:27,-14.8031,36.5372,64.02,84,66,8.48
1,Yichang,CN,2022-04-28 01:37:28,30.7144,111.2847,64.11,96,100,2.98
2,Castro,BR,2022-04-28 01:37:29,-24.7911,-50.0119,63.05,88,100,4.05
3,East London,ZA,2022-04-28 01:37:29,-33.0153,27.9116,58.46,70,0,6.26
4,Hobart,AU,2022-04-28 01:37:30,-42.8794,147.3294,67.26,89,75,0.0
5,Zhumadian,CN,2022-04-28 01:37:30,32.9794,114.0294,57.83,48,100,12.55
6,Ulaanbaatar,MN,2022-04-28 01:32:35,47.9077,106.8832,37.53,28,0,4.47
7,Port Alfred,ZA,2022-04-28 01:35:12,-33.5906,26.891,60.24,71,0,7.05
8,Stepnyak,KZ,2022-04-28 01:37:31,52.8339,70.7803,56.97,52,95,14.41
9,Kruisfontein,ZA,2022-04-28 01:37:31,-34.0033,24.7314,56.16,45,5,7.11
10,Havoysund,NO,2022-04-28 01:36:40,70.9963,24.6622,25.03,56,100,15.86
11,Muros,ES,2022-04-28 01:37:32,42.7762,-9.0603,49.08,94,3,4.97
12,Vila Franca Do Campo,PT,2022-04-28 01:37:33,37.7167,-25.4333,67.19,94,100,19.24
13,Bethel,US,2022-04-28 01:37:33,41.3712,-73.414,43.48,56,0,11.5
14,Cabo San Lucas,MX,2022-04-28 01:34:16,22.8909,-109.9124,87.1,19,0,19.57
15,Cidreira,BR,2022-04-28 01:37:34,-30.1811,-50.2056,70.9,95,11,3.85
16,Alofi,NU,2022-04-28 01:37:34,-19.0595,-169.9187,80.49,78,75,17.27
17,Bengkulu,ID,2022-04-28 01:37:35,-3.8004,102.2655,81.1,78,91,0.96
18,Barrow,US,2022-04-28 01:37:35,71.2906,-156.7887,6.82,78,100,13.8
19,Wukari,NG,2022-04-28 01:37:36,7.85,9.7833,77.4,76,100,7.34
20,Cape Town,ZA,2022-04-28 01:37:36,-33.9258,18.4232,59.92,88,0,14.0
21,Rikitea,PF,2022-04-28 01:37:37,-23.1203,-134.9692,77.23,66,0,22.84
22,Kodiak,US,2022-04-28 01:37:37,57.79,-152.4072,45.91,76,0,6.91
23,Klaksvik,FO,2022-04-28 01:37:37,62.2266,-6.589,43.72,71,99,4.56
24,Alice Springs,AU,2022-04-28 01:36:27,-23.7,133.8833,85.55,26,5,14.97
25,Lebu,CL,2022-04-28 01:37:38,-37.6167,-73.65,49.33,75,24,0.67
26,Tuktoyaktuk,CA,2022-04-28 01:37:38,69.4541,-133.0374,10.4,85,100,4.61
27,Hilo,US,2022-04-28 01:37:39,19.7297,-155.09,83.28,79,100,8.05
28,Minab,IR,2022-04-28 01:37:39,27.1467,57.0801,77.32,50,1,1.14
29,Mahebourg,MU,2022-04-28 01:37:40,-20.4081,57.7,73.26,94,20,4.61
30,Azangaro,PE,2022-04-28 01:37:40,-14.9167,-70.2167,41.81,51,73,2.59
31,Souillac,MU,2022-04-28 01:37:41,-20.5167,57.5167,70.18,94,20,4.61
32,Arraial Do Cabo,BR,2022-04-28 01:37:41,-22.9661,-42.0278,75.87,87,0,21.7
33,Avarua,CK,2022-04-28 01:37:42,-21.2078,-159.775,84.25,79,20,10.36
34,Chokurdakh,RU,2022-04-28 01:37:42,70.6333,147.9167,16.34,90,100,8.25
35,San Patricio,US,2022-04-28 01:37:42,28.017,-97.5169,75.83,81,38,10.13
36,Busselton,AU,2022-04-28 01:37:43,-33.65,115.3333,61.52,65,79,13.69
37,Mahibadhoo,MV,2022-04-28 01:37:43,3.7833,72.9667,84.29,71,2,5.23
38,Soe,ID,2022-04-28 01:37:44,-9.8607,124.284,79.0,58,85,3.09
39,Qaanaaq,GL,2022-04-28 01:37:44,77.484,-69.3632,13.84,67,70,7.67
40,Antsohihy,MG,2022-04-28 01:37:45,-14.8796,47.9875,74.68,90,84,2.51
41,Puerto Ayora,EC,2022-04-28 01:37:45,-0.7393,-90.3518,71.73,92,11,5.41
42,Kalmunai,LK,2022-04-28 01:37:46,7.4167,81.8167,82.29,78,10,6.78
43,Hithadhoo,MV,2022-04-28 01:37:46,-0.6,73.0833,83.14,74,100,5.68
44,Saskylakh,RU,2022-04-28 01:37:47,71.9167,114.0833,13.75,91,54,5.95
45,Nikolskoye,RU,2022-04-28 01:37:47,59.7035,30.7861,31.87,76,26,4.12
46,Alihe,CN,2022-04-28 01:37:47,50.5667,123.7167,48.96,18,2,6.26
47,Srednekolymsk,RU,2022-04-28 01:37:48,67.45,153.6833,25.16,82,100,6.04
48,Bichura,RU,2022-04-28 01:37:48,50.5881,107.6022,39.36,35,74,10.22
49,Mahon,ES,2022-04-28 01:37:49,39.8885,4.2658,57.76,94,0,9.22
50,Kapaa,US,2022-04-28 01:37:49,22.0752,-159.319,82.38,86,75,12.66
51,Georgetown,MY,2022-04-28 01:36:59,5.4112,100.3354,87.73,83,20,3.44
52,Moberly,US,2022-04-28 01:37:50,39.4184,-92.4382,67.98,28,0,5.75
53,Bilibino,RU,2022-04-28 01:37:50,68.0546,166.4372,32.7,94,76,2.98
54,Havre-Saint-Pierre,CA,2022-04-28 01:37:51,50.2334,-63.5986,35.96,100,100,0.0
55,Dikson,RU,2022-04-28 01:37:51,73.5069,80.5464,18.07,90,55,21.81
56,Udachnyy,RU,2022-04-28 01:37:51,66.4167,112.4,28.44,90,76,8.77
57,Saint-Pierre,RE,2022-04-28 01:37:52,-21.3393,55.4781,71.91,60,0,6.91
58,Luderitz,NA,2022-04-28 01:37:52,-26.6481,15.1594,63.05,58,0,4.94
59,Filadelfia,US,2022-04-28 01:33:12,39.9523,-75.1638,48.02,50,100,14.97
60,Constitucion,CL,2022-04-28 01:37:53,-35.3333,-72.4167,51.06,85,47,3.15
61,Bredasdorp,ZA,2022-04-28 01:34:18,-34.5322,20.0403,54.5,89,2,1.54
62,Mount Gambier,AU,2022-04-28 01:37:54,-37.8333,140.7667,69.71,68,58,13.8
63,Lorengau,PG,2022-04-28 01:37:54,-2.0226,147.2712,86.7,67,78,10.09
64,Vaini,TO,2022-04-28 01:37:55,-21.2,-175.2,82.56,57,20,8.05
65,Punta Arenas,CL,2022-04-28 01:33:11,-53.15,-70.9167,33.91,60,20,11.5
66,Chicama,PE,2022-04-28 01:37:55,-7.8447,-79.1469,63.14,80,98,5.77
67,Ahipara,NZ,2022-04-28 01:37:56,-35.1667,173.1667,62.47,76,78,7.05
68,Konotop,UA,2022-04-28 01:37:56,51.2403,33.2026,40.84,80,6,2.89
69,Mataura,NZ,2022-04-28 01:37:57,-46.1927,168.8643,55.47,64,78,2.86
70,Ushuaia,AR,2022-04-28 01:37:57,-54.8,-68.3,29.8,95,99,5.21
71,Yerofey Pavlovich,RU,2022-04-28 01:37:57,53.9667,121.9667,44.53,23,99,5.1
72,Aquiraz,BR,2022-04-28 01:37:58,-3.9014,-38.3911,82.49,85,66,7.43
73,Victoria,HK,2022-04-28 01:34:38,22.2855,114.1577,89.19,84,18,8.99
74,Albany,US,2022-04-28 01:33:19,42.6001,-73.9662,39.16,59,17,3.0
75,Orgovany,HU,2022-04-28 01:37:59,46.7509,19.4726,52.86,96,100,9.37
76,Leningradskiy,RU,2022-04-28 01:37:59,69.3833,178.4167,28.58,88,100,11.12
77,Pevek,RU,2022-04-28 01:38:00,69.7008,170.3133,35.1,79,100,16.06
78,Medina,SA,2022-04-28 01:34:11,24.4686,39.6142,61.23,88,0,4.61
79,Ancud,CL,2022-04-28 01:37:37,-41.8697,-73.8203,45.55,77,36,10.54
80,Egvekinot,RU,2022-04-28 01:38:01,66.3167,-179.1667,29.25,85,82,2.28
81,Bazaliya,UA,2022-04-28 01:38:01,49.7127,26.4733,46.04,75,99,6.44
82,Hami,CN,2022-04-28 01:38:02,42.8,93.45,62.67,17,100,14.56
83,Carnarvon,AU,2022-04-28 01:37:47,-24.8667,113.6333,69.87,68,29,10.36
84,Fort Saint James,CA,2022-04-28 01:38:03,54.4333,-124.25,45.63,50,100,3.49
85,Los Llanos De Aridane,ES,2022-04-28 01:38:03,28.6585,-17.9182,60.55,80,20,11.5
86,Mar Del Plata,AR,2022-04-28 01:33:10,-38.0023,-57.5575,56.88,60,0,13.8
87,Gao,ML,2022-04-28 01:34:07,16.6362,1.637,78.93,18,2,12.41
88,Puerto Carreno,CO,2022-04-28 01:38:04,6.189,-67.4859,77.97,79,90,2.39
89,Jibuti,DJ,2022-04-28 01:38:05,11.5,42.5,76.6,77,94,14.29
90,Aklavik,CA,2022-04-28 01:38:05,68.2191,-135.0107,19.72,82,100,9.1
91,Katsuura,JP,2022-04-28 01:38:06,35.1333,140.3,62.62,62,100,18.43
92,Port Lincoln,AU,2022-04-28 01:38:06,-34.7333,135.8667,75.92,45,4,16.6
93,Kidal,ML,2022-04-28 01:38:07,18.4411,1.4078,75.85,15,0,10.47
94,Krasnyy Chikoy,RU,2022-04-28 01:38:07,50.3643,108.7512,38.68,37,93,11.25
95,Port-Gentil,GA,2022-04-28 01:38:08,-0.7193,8.7815,79.59,79,100,5.3
96,Opuwo,NA,2022-04-28 01:38:08,-18.0607,13.84,69.49,39,55,4.41
97,Bambanglipuro,ID,2022-04-28 01:38:09,-7.95,110.2833,80.71,78,100,1.54
98,Balkhash,KZ,2022-04-28 01:38:09,46.844,74.9804,50.61,50,0,13.42
99,Fairlie,GB,2022-04-28 01:38:10,55.756,-4.8556,38.39,88,13,4.59
100,Vestmannaeyjar,IS,2022-04-28 01:38:10,63.4427,-20.2734,46.56,78,100,3.36
101,Jacareacanga,BR,2022-04-28 01:38:11,-6.2222,-57.7528,74.23,92,100,2.28
102,Manyana,BW,2022-04-28 01:38:11,-23.4,21.7167,62.8,48,3,11.92
103,Yanaul,RU,2022-04-28 01:38:12,56.2719,54.9309,55.89,90,100,16.49
104,Hermanus,ZA,2022-04-28 01:38:12,-34.4187,19.2345,57.65,73,0,6.87
105,Athabasca,CA,2022-04-28 01:38:13,54.7169,-113.2854,39.61,94,100,10.63
106,Khatanga,RU,2022-04-28 01:37:40,71.9667,102.5,26.06,83,100,16.69
107,Mayo,US,2022-04-28 01:38:14,38.8876,-76.5119,50.11,48,0,16.11
108,Faanui,PF,2022-04-28 01:38:15,-16.4833,-151.75,81.61,74,19,20.47
109,Languyan,PH,2022-04-28 01:38:16,5.2618,120.0807,80.15,83,100,0.47
110,Atuona,PF,2022-04-28 01:38:16,-9.8,-139.0333,79.02,76,19,21.5
111,Bereda,ES,2022-04-28 01:38:17,43.2686,-7.5406,48.58,100,89,1.79
112,Santa Cruz,BO,2022-04-28 01:36:13,-17.8,-63.1667,76.46,83,70,9.22
113,Poronaysk,RU,2022-04-28 01:38:18,49.2167,143.1167,35.06,76,100,28.1
114,Porto Velho,BR,2022-04-28 01:38:18,-8.7619,-63.9039,77.05,94,20,0.0
115,Gayeri,BF,2022-04-28 01:38:19,12.6497,0.4931,87.78,17,45,2.66
116,Yellowknife,CA,2022-04-28 01:38:19,62.456,-114.3525,50.52,40,75,9.22
117,Bathsheba,BB,2022-04-28 01:33:44,13.2167,-59.5167,77.61,94,75,16.11
118,Coquimbo,CL,2022-04-28 01:34:14,-29.9533,-71.3436,60.53,77,0,9.22
119,Butaritari,KI,2022-04-28 01:38:20,3.0707,172.7902,81.45,80,70,15.35
120,Rio Grande,BR,2022-04-28 01:38:20,-32.035,-52.0986,62.94,89,96,5.55
121,Norman Wells,CA,2022-04-28 01:38:21,65.282,-126.8329,35.64,60,100,11.5
122,Husavik,IS,2022-04-28 01:33:47,66.0449,-17.3389,37.89,87,69,4.74
123,Bluff,NZ,2022-04-28 01:38:21,-46.6,168.3333,55.8,67,96,6.53
124,Oranjemund,NA,2022-04-28 01:38:22,-28.55,16.4333,57.29,80,0,2.64
125,Plainview,US,2022-04-28 01:38:22,40.7765,-73.4673,45.88,47,4,11.99
126,Takoradi,GH,2022-04-28 01:38:22,4.8845,-1.7554,78.89,84,100,6.78
127,Grindavik,IS,2022-04-28 01:38:23,63.8424,-22.4338,43.27,87,75,3.44
128,Tiznit,MA,2022-04-28 01:38:23,29.5833,-9.5,58.01,78,0,3.56
129,Buchanan,LR,2022-04-28 01:38:24,5.8808,-10.0467,79.36,85,32,1.99
130,Emerald,AU,2022-04-28 01:38:24,-23.5333,148.1667,80.74,57,40,10.36
131,Geraldton,AU,2022-04-28 01:38:24,-28.7667,114.6,68.41,73,75,5.75
132,Yulara,AU,2022-04-28 01:38:25,-25.2406,130.9889,80.44,28,40,6.91
133,Dubna,RU,2022-04-28 01:38:25,56.7333,37.1667,27.48,85,60,3.69
134,Pangnirtung,CA,2022-04-28 01:38:26,66.1451,-65.7125,2.26,75,71,10.02
135,Port Hedland,AU,2022-04-28 01:38:26,-20.3167,118.5667,84.25,48,40,4.61
136,Tiksi,RU,2022-04-28 01:38:26,71.6872,128.8694,9.73,89,84,1.59
137,Bambous Virieux,MU,2022-04-28 01:38:27,-20.3428,57.7575,73.22,94,20,4.61
138,La Ronge,CA,2022-04-28 01:38:27,55.1001,-105.2842,41.22,65,75,13.8
139,Coahuayana,MX,2022-04-28 01:38:28,18.7333,-103.6833,74.95,73,0,1.57
140,Saryg-Sep,RU,2022-04-28 01:38:28,51.5,95.6,44.62,42,10,2.46
141,Kande,TG,2022-04-28 01:38:29,9.9578,1.0447,82.11,57,100,5.66
142,Dunedin,NZ,2022-04-28 01:36:39,-45.8742,170.5036,60.8,52,51,8.01
143,Gannan,CN,2022-04-28 01:38:29,47.9147,123.5031,51.82,14,0,6.85
144,Tucupita,VE,2022-04-28 01:38:30,9.0622,-62.051,74.93,92,100,2.98
145,Arlit,NE,2022-04-28 01:38:30,18.7369,7.3853,78.21,12,0,8.37
146,Longyearbyen,SJ,2022-04-28 01:38:31,78.2186,15.6401,1.24,55,75,9.22
147,Ilam,NP,2022-04-28 01:38:31,26.9167,87.9167,75.13,56,0,3.33
148,Chuy,UY,2022-04-28 01:38:31,-33.6971,-53.4616,57.4,90,0,5.06
149,Asau,RO,2022-04-28 01:38:32,46.4333,26.4,49.95,100,100,2.93
150,Saint George,US,2022-04-28 01:35:43,37.1041,-113.5841,82.99,11,0,12.66
151,Bandarbeyla,SO,2022-04-28 01:38:32,9.4942,50.8122,80.82,80,96,3.51
152,Ratnagiri,IN,2022-04-28 01:38:33,16.9833,73.3,83.61,70,21,5.41
153,Torbay,CA,2022-04-28 01:38:33,47.6666,-52.7314,36.28,92,75,3.0
154,Kutum,SD,2022-04-28 01:38:34,14.2,24.6667,76.96,13,90,6.26
155,Ayan,RU,2022-04-28 01:38:34,56.45,138.1667,36.16,61,100,15.32
156,Port Elizabeth,ZA,2022-04-28 01:38:34,-33.918,25.5701,53.89,100,0,2.3
157,Karratha,AU,2022-04-28 01:36:22,-20.7377,116.8463,78.39,45,100,0.96
158,Wuwei,CN,2022-04-28 01:38:35,37.9281,102.6414,57.49,35,36,7.38
159,Saldanha,ZA,2022-04-28 01:34:11,-33.0117,17.9442,50.05,72,0,11.92
160,Xichang,CN,2022-04-28 01:38:36,27.8964,102.2634,72.64,44,6,2.19
161,Saint-Philippe,RE,2022-04-28 01:38:36,-21.3585,55.7679,71.22,78,0,2.44
162,Kaitangata,NZ,2022-04-28 01:38:36,-46.2817,169.8464,57.79,61,67,2.57
163,Gayny,RU,2022-04-28 01:38:37,60.3071,54.3241,34.02,97,100,10.87
164,Bousso,TD,2022-04-28 01:38:37,10.4795,16.7117,82.29,52,99,5.66
165,Saint Anthony,US,2022-04-28 01:38:38,45.0205,-93.218,48.13,43,0,11.5
166,Kenora,CA,2022-04-28 01:38:38,49.8167,-94.4337,41.97,24,40,5.75
167,Kavieng,PG,2022-04-28 01:38:39,-2.5744,150.7967,86.27,63,99,11.9
168,Toribio,CO,2022-04-28 01:38:39,2.9548,-76.2684,60.3,96,93,3.89
169,Touros,BR,2022-04-28 01:38:39,-5.1989,-35.4608,78.26,84,62,10.11
170,Abnub,EG,2022-04-28 01:38:40,27.2696,31.1511,72.45,24,0,4.88
171,Stykkisholmur,IS,2022-04-28 01:38:40,65.0757,-22.7297,41.23,73,69,1.7
172,Cherskiy,RU,2022-04-28 01:38:41,68.75,161.3,31.86,100,100,4.27
173,Kirillov,RU,2022-04-28 01:38:41,59.863,38.3813,21.4,92,29,0.38
174,Quatre Cocos,MU,2022-04-28 01:38:42,-20.2078,57.7625,73.09,81,0,2.57
175,Jamestown,US,2022-04-28 01:38:42,42.097,-79.2353,31.59,90,100,12.66
176,Ribeira Grande,PT,2022-04-28 01:38:42,38.5167,-28.7,63.91,95,100,31.25
177,Gat,IL,2022-04-28 01:38:43,31.61,34.7642,67.41,100,0,4.63
178,Berlevag,NO,2022-04-28 01:38:43,70.8578,29.0864,19.2,70,100,27.54
179,Fortuna,US,2022-04-28 01:38:44,40.5982,-124.1573,54.86,71,20,14.97
180,Upernavik,GL,2022-04-28 01:38:44,72.7868,-56.1549,29.14,96,100,7.67
181,Uong Bi,VN,2022-04-28 01:38:44,21.0333,106.7833,80.58,80,97,8.63
182,Shuyskoye,RU,2022-04-28 01:38:45,59.3736,41.0305,24.06,87,7,4.56
183,Ixtapa,MX,2022-04-28 01:38:45,20.7,-105.2,78.03,73,0,6.91
184,Haines Junction,CA,2022-04-28 01:38:46,60.7522,-137.5108,39.15,87,100,4.61
185,Cacu,BR,2022-04-28 01:38:46,-18.5567,-51.1308,74.46,52,73,2.73
186,Sur,OM,2022-04-28 01:38:46,22.5667,59.5289,86.31,41,0,6.29
187,Flinders,AU,2022-04-28 01:38:47,-34.5833,150.8552,71.19,85,43,8.99
188,Damietta,EG,2022-04-28 01:38:47,31.4165,31.8133,64.11,69,0,4.43
189,Shamary,RU,2022-04-28 01:38:48,57.3434,58.2199,54.61,89,100,12.19
190,New Norfolk,AU,2022-04-28 01:38:48,-42.7826,147.0587,66.92,85,60,1.01
191,Winton,US,2022-04-28 01:37:57,37.3894,-120.6133,78.71,24,0,10.36
192,Manama,BH,2022-04-28 01:38:13,26.2154,50.5832,81.34,54,0,5.75
193,Motala,SE,2022-04-28 01:38:49,58.5371,15.0365,34.92,70,16,5.3
194,Zhanaozen,KZ,2022-04-28 01:38:49,43.3,52.8,67.39,37,97,8.86
195,Boda,CF,2022-04-28 01:38:50,4.3189,17.4695,70.68,85,100,3.67
196,Tomakomai,JP,2022-04-28 01:38:50,42.6369,141.6033,57.34,28,75,23.02
197,Nuuk,GL,2022-04-28 01:38:51,64.1835,-51.7216,34.41,100,100,36.82
198,Vao,NC,2022-04-28 01:38:51,-22.6667,167.4833,75.51,70,100,21.94
199,Bethlehem,BR,2022-04-28 01:38:52,-1.4558,-48.5044,75.24,100,0,3.44
200,Fairbanks,US,2022-04-28 01:38:52,64.8378,-147.7164,53.94,32,0,8.05
201,Airai,TL,2022-04-28 01:38:52,-8.9266,125.4092,74.5,54,59,1.66
202,Hasaki,JP,2022-04-28 01:38:53,35.7333,140.8333,61.2,55,100,17.05
203,Te Anau,NZ,2022-04-28 01:38:53,-45.4167,167.7167,57.13,65,7,0.58
204,Meulaboh,ID,2022-04-28 01:38:54,4.1363,96.1285,81.25,83,81,3.02
205,Yining,CN,2022-04-28 01:38:54,29.0361,114.5636,73.09,91,93,0.45
206,Asyut,EG,2022-04-28 01:38:54,27.181,31.1837,72.77,23,0,4.99
207,Codrington,AU,2022-04-28 01:38:55,-38.2667,141.9667,71.22,61,100,13.87
208,Mitsamiouli,KM,2022-04-28 01:38:55,-11.3847,43.2844,80.76,77,99,11.79
209,Ekhabi,RU,2022-04-28 01:38:56,53.5102,142.9671,29.62,93,100,28.36
210,Cubara,CO,2022-04-28 01:38:56,7.0008,-72.1085,71.06,91,57,3.53
211,Belaya Gora,RU,2022-04-28 01:38:57,68.5333,146.4167,18.45,83,100,6.11
212,Provideniya,RU,2022-04-28 01:38:57,64.3833,-173.3,32.36,80,20,4.47
213,Hofn,IS,2022-04-28 01:38:57,64.2539,-15.2082,42.33,82,100,2.3
214,Serpa,PT,2022-04-28 01:38:58,37.9458,-7.5975,51.76,95,58,6.29
215,Zyryanka,RU,2022-04-28 01:38:58,65.75,150.85,23.47,81,100,12.88
216,Sibolga,ID,2022-04-28 01:38:59,1.7427,98.7792,81.48,85,100,1.36
217,Half Moon Bay,US,2022-04-28 01:38:59,37.4636,-122.4286,61.48,69,0,24.16
218,Lompoc,US,2022-04-28 01:39:00,34.6391,-120.4579,63.57,72,20,19.57
219,Emba,KZ,2022-04-28 01:39:00,48.8264,58.1442,56.86,55,100,9.46
220,San Quintin,MX,2022-04-28 01:39:00,30.4833,-115.95,60.03,77,0,11.9
221,Pandan,PH,2022-04-28 01:39:01,14.0453,124.1694,83.48,80,99,11.34
222,Changli,CN,2022-04-28 01:39:01,39.7042,119.1506,48.06,82,100,4.92
223,Zeya,RU,2022-04-28 01:39:02,53.75,127.2667,47.75,22,17,7.61
224,Tumaco,CO,2022-04-28 01:39:02,1.7986,-78.8156,77.74,88,97,4.7
225,Cap Malheureux,MU,2022-04-28 01:39:03,-19.9842,57.6142,73.47,85,3,1.01
226,Masuda,JP,2022-04-28 01:39:03,34.6667,131.85,61.07,67,40,5.75
227,Sitka,US,2022-04-28 01:39:04,57.0531,-135.33,48.09,61,100,5.75
228,Sant Feliu De Guixols,ES,2022-04-28 01:39:05,41.7833,3.0333,53.92,82,100,4.92
229,Santa Maria,BR,2022-04-28 01:39:06,-29.6842,-53.8069,69.1,88,75,6.91
230,Camapua,BR,2022-04-28 01:39:06,-19.5314,-54.0439,73.11,66,24,2.28
231,Coihaique,CL,2022-04-28 01:34:55,-45.5752,-72.0662,30.81,93,20,0.0
232,Bairiki,KI,2022-04-28 01:39:07,1.3292,172.9752,86.0,74,20,10.36
233,Pacific Grove,US,2022-04-28 01:39:08,36.6177,-121.9166,62.55,72,40,12.66
234,Wajid,SO,2022-04-28 01:39:08,3.8093,43.2471,73.54,89,54,9.66
235,Hirara,JP,2022-04-28 01:39:09,24.8,125.2833,84.06,78,40,13.8
236,San Luis,AR,2022-04-28 01:39:09,-33.295,-66.3356,52.32,39,0,1.45
237,Neiafu,TO,2022-04-28 01:39:10,-18.65,-173.9833,83.08,65,75,16.11
238,Ca Mau,VN,2022-04-28 01:39:05,9.1769,105.15,89.17,57,100,5.46
239,Homer,US,2022-04-28 01:39:10,59.6425,-151.5483,53.76,58,0,11.5
240,Tasiilaq,GL,2022-04-28 01:39:11,65.6145,-37.6368,32.16,85,81,6.33
241,Baijiantan,CN,2022-04-28 01:39:11,45.6333,85.1833,63.16,24,0,14.58
242,Formosa,AR,2022-04-28 01:39:11,-26.1775,-58.1781,84.18,70,0,14.97
243,Lagoa,PT,2022-04-28 01:39:12,39.05,-27.9833,62.44,94,100,32.19
244,Maldonado,UY,2022-04-28 01:39:12,-34.6667,-54.9167,51.22,87,0,2.39
245,Isangel,VU,2022-04-28 01:39:13,-19.55,169.2667,78.73,76,100,15.57
246,Guanica,PR,2022-04-28 01:39:14,17.9716,-66.908,75.11,92,21,5.86
247,Gusinoye Ozero,RU,2022-04-28 01:39:14,51.1144,106.2614,40.8,35,99,16.58
248,Toktogul,KG,2022-04-28 01:39:15,41.8708,72.9402,54.61,48,0,2.59
249,Otavalo,EC,2022-04-28 01:39:15,0.2333,-78.2667,55.62,94,33,2.35
250,Salmas,IR,2022-04-28 01:39:16,38.1973,44.7653,52.59,67,26,2.42
251,Roald,NO,2022-04-28 01:39:16,62.5833,6.1333,42.33,70,100,11.5
252,Sao Joao Da Barra,BR,2022-04-28 01:39:16,-21.6403,-41.0511,75.54,86,0,11.43
253,Cockburn Town,TC,2022-04-28 01:39:17,21.4612,-71.1419,75.31,61,4,15.88
254,Coolum Beach,AU,2022-04-28 01:39:17,-26.5333,153.1,76.1,90,52,1.01
255,Ormara,PK,2022-04-28 01:39:18,25.2088,64.6357,82.67,79,5,11.1
256,Dingle,PH,2022-04-28 01:38:54,10.9995,122.6711,84.38,74,100,11.32
257,Kahului,US,2022-04-28 01:39:19,20.8947,-156.47,82.42,64,40,21.85
258,Aitape,PG,2022-04-28 01:39:19,-3.1374,142.3475,87.22,63,89,5.23
259,Namibe,AO,2022-04-28 01:39:20,-15.1961,12.1522,72.66,74,39,3.22
260,Shelburne,CA,2022-04-28 01:39:20,44.0787,-80.2041,30.76,71,100,9.86
261,Henties Bay,NA,2022-04-28 01:39:21,-22.116,14.2845,62.78,73,8,3.24
262,Cartagena,CO,2022-04-28 01:39:21,10.3997,-75.5144,82.02,83,20,8.05
263,Kadnikov,RU,2022-04-28 01:39:22,59.5022,40.338,23.68,84,12,3.71
264,Griffith,US,2022-04-28 01:39:22,41.5284,-87.4237,36.05,79,100,13.8
265,Clyde River,CA,2022-04-28 01:39:23,70.4692,-68.5914,-0.17,71,0,4.61
266,Tilichiki,RU,2022-04-28 01:39:23,60.4667,166.1,33.31,100,100,9.57
267,Kilindoni,TZ,2022-04-28 01:39:23,-7.9139,39.6668,80.22,80,100,18.88
268,Yarada,IN,2022-04-28 01:39:24,17.65,83.2667,84.52,84,20,5.75
269,Camacha,PT,2022-04-28 01:39:24,33.0833,-16.3333,58.42,72,20,6.91
270,Gamba,GA,2022-04-28 01:39:25,-2.65,10.0,74.48,91,91,5.1
271,Laguna,US,2022-04-28 01:38:45,38.421,-121.4238,73.38,36,0,13.8
272,Solok,ID,2022-04-28 01:39:25,-0.7918,100.6593,72.55,73,98,2.13
273,Pringsewu,ID,2022-04-28 01:39:26,-5.3582,104.9744,72.45,96,100,6.73
274,Chake Chake,TZ,2022-04-28 01:39:26,-5.2459,39.7666,75.97,89,100,6.78
275,Guarapari,BR,2022-04-28 01:39:27,-20.6667,-40.4975,75.88,88,2,5.93
276,Taiyuan,CN,2022-04-28 01:37:08,37.8694,112.5603,48.06,66,40,2.24
277,Erenhot,CN,2022-04-28 01:39:27,43.6475,111.9767,48.29,20,79,9.17
278,Maceio,BR,2022-04-28 01:39:28,-9.6658,-35.7353,74.64,88,75,2.3
279,Kharan,PK,2022-04-28 01:39:28,28.5833,65.4167,81.48,21,52,3.94
280,Konstantinovka,RU,2022-04-28 01:39:28,49.6167,127.9833,47.89,32,0,10.89
281,Vangaindrano,MG,2022-04-28 01:39:29,-23.35,47.6,69.17,69,0,13.62
282,Kizukuri,JP,2022-04-28 01:39:29,40.8061,140.3861,58.95,51,13,11.39
283,Hambantota,LK,2022-04-28 01:39:30,6.1241,81.1185,83.23,76,13,5.01
284,Capaci,IT,2022-04-28 01:39:30,38.1711,13.2393,62.65,49,20,3.44
285,Nanakuli,US,2022-04-28 01:39:30,21.3906,-158.1547,82.35,59,75,11.5
286,Matara,LK,2022-04-28 01:39:31,5.9485,80.5353,81.75,80,35,1.5
287,Nazareno,MX,2022-04-28 01:39:31,25.3833,-103.4167,86.31,29,0,11.18
288,Ust-Koksa,RU,2022-04-28 01:39:32,50.2696,85.6108,42.76,65,7,1.05
289,Olinda,BR,2022-04-28 01:35:43,-8.0089,-34.8553,82.13,74,40,9.22
290,Tadine,NC,2022-04-28 01:39:32,-21.55,167.8833,76.3,72,100,18.68
291,Iqaluit,CA,2022-04-28 01:39:33,63.7506,-68.5145,13.73,72,100,21.85
292,Traverse City,US,2022-04-28 01:36:18,44.7631,-85.6206,33.91,66,1,5.77
293,Martapura,ID,2022-04-28 01:39:33,-3.4167,114.85,86.09,70,39,0.0
294,Lufilufi,WS,2022-04-28 01:39:34,-13.8745,-171.5986,87.58,74,28,17.54
295,Kemin,KG,2022-04-28 01:39:34,42.7846,75.6892,52.86,57,0,7.18
296,Kavaratti,IN,2022-04-28 01:39:34,10.5669,72.642,84.76,75,80,4.32
297,Zunyi,CN,2022-04-28 01:39:35,27.6867,106.9072,68.9,90,97,6.02
298,Coari,BR,2022-04-28 01:39:35,-4.085,-63.1414,74.39,96,100,1.92
299,Silifke,TR,2022-04-28 01:39:36,36.3778,33.9344,67.08,36,20,4.25
300,Hualmay,PE,2022-04-28 01:39:36,-11.0964,-77.6139,66.36,89,100,7.29
301,Wagar,SD,2022-04-28 01:39:37,16.1525,36.2032,83.37,7,7,9.71
302,Deneysville,ZA,2022-04-28 01:39:37,-26.8908,28.0971,45.72,51,0,2.91
303,Isabela,PH,2022-04-28 01:39:37,6.7085,121.9711,80.65,87,100,2.75
304,Ilulissat,GL,2022-04-28 01:39:38,69.2167,-51.1,32.02,86,100,0.0
305,Japura,ID,2022-04-28 01:39:38,-0.3167,102.35,80.37,89,100,2.19
306,Olga,RU,2022-04-28 01:39:39,43.7444,135.2892,54.09,27,100,8.59
307,Fort Nelson,CA,2022-04-28 01:39:39,58.8053,-122.7002,33.39,93,100,9.22
308,Minot,US,2022-04-28 01:39:40,48.2325,-101.2963,43.02,70,0,12.66
309,Dosso,NE,2022-04-28 01:39:40,13.049,3.1937,85.01,16,100,2.37
310,Hobyo,SO,2022-04-28 01:39:41,5.3505,48.5268,83.01,75,29,7.74
311,Nishihara,JP,2022-04-28 01:39:41,26.1842,127.7558,82.45,80,75,14.97
312,Vozhega,RU,2022-04-28 01:39:41,60.4725,40.2213,19.62,90,81,2.24
313,Oxford,GB,2022-04-28 01:36:55,51.7522,-1.256,43.77,85,14,5.06
314,Buala,SB,2022-04-28 01:39:42,-8.145,159.5921,86.05,67,18,3.22
315,Miahuatlan,MX,2022-04-28 01:39:42,18.5667,-97.4333,59.43,71,16,9.04
316,Cornwall,CA,2022-04-28 01:39:43,45.0181,-74.7281,37.78,65,100,10.36
317,Skelleftea,SE,2022-04-28 01:39:43,64.7507,20.9528,25.16,61,77,3.44
318,Sao Filipe,CV,2022-04-28 01:39:44,14.8961,-24.4956,71.38,70,5,8.77
319,Tomatlan,MX,2022-04-28 01:39:44,19.9333,-105.25,75.36,68,0,4.68
320,Reconquista,AR,2022-04-28 01:39:44,-29.15,-59.65,64.8,79,44,6.08
321,Manali,IN,2022-04-28 01:39:45,13.1667,80.2667,84.29,90,9,12.19
322,Iracoubo,GF,2022-04-28 01:39:45,5.4802,-53.2011,78.44,88,100,7.52
323,Burdur,TR,2022-04-28 01:39:46,37.7203,30.2908,43.5,87,0,0.0
324,Road Town,VG,2022-04-28 01:39:46,18.4167,-64.6167,75.29,60,40,8.05
325,Conceicao Da Barra,BR,2022-04-28 01:39:46,-18.5933,-39.7322,74.21,87,0,4.56
326,Anori,BR,2022-04-28 01:39:47,-3.7728,-61.6442,73.83,97,100,2.1
327,Yarmouth,US,2022-04-28 01:39:47,41.7057,-70.2286,50.14,61,20,23.0
328,Qiqihar,CN,2022-04-28 01:39:48,47.3408,123.9672,52.93,14,0,8.66
329,Severo-Kurilsk,RU,2022-04-28 01:38:58,50.6789,156.125,33.6,84,74,23.62
330,Chokwe,MZ,2022-04-28 01:39:48,-24.5333,32.9833,60.17,95,0,5.59
331,Shouguang,CN,2022-04-28 01:39:49,36.88,118.7375,58.12,38,100,15.99
332,Lovozero,RU,2022-04-28 01:39:49,68.005,35.0117,19.85,84,65,11.1
333,Port Said,EG,2022-04-28 01:39:50,31.2565,32.2841,66.51,66,0,6.67
334,Marstal,DK,2022-04-28 01:39:50,54.8562,10.5173,40.91,86,18,5.55
335,Port Blair,IN,2022-04-28 01:39:50,11.6667,92.75,82.44,89,40,2.3
336,Samfya,ZM,2022-04-28 01:39:51,-11.3649,29.5565,63.28,86,100,11.36
337,Whitley Bay,GB,2022-04-28 01:39:51,55.0397,-1.4471,43.2,75,100,2.3
338,Kununurra,AU,2022-04-28 01:39:52,-15.7667,128.7333,91.38,43,99,5.75
339,Novyy Urengoy,RU,2022-04-28 01:38:58,66.0833,76.6333,18.01,90,60,5.53
340,Patacamaya,BO,2022-04-28 01:39:52,-17.2333,-67.9167,48.11,73,3,4.25
341,Honiara,SB,2022-04-28 01:39:53,-9.4333,159.95,85.69,72,95,4.88
342,Zabaykalsk,RU,2022-04-28 01:39:53,49.6333,117.3167,47.07,23,45,14.7
343,Guerrero Negro,MX,2022-04-28 01:39:53,27.9769,-114.0611,61.61,79,0,17.69
344,Mzimba,MW,2022-04-28 01:39:54,-11.9,33.6,60.93,95,100,10.76
345,Zhengjiatun,CN,2022-04-28 01:39:54,43.5064,123.5064,60.03,13,100,10.65
346,Namtsy,RU,2022-04-28 01:39:55,62.7161,129.6658,30.27,74,21,8.05
347,Tucuman,AR,2022-04-28 01:39:55,-26.8241,-65.2226,59.0,82,75,6.91
348,Copala,MX,2022-04-28 01:39:56,16.65,-98.9833,81.09,67,0,3.94
349,Las Palmas,ES,2022-04-28 01:39:56,28.4204,-14.0131,61.59,72,20,20.71
350,Nouadhibou,MR,2022-04-28 01:39:57,20.931,-17.0347,64.62,81,0,23.15
351,San Martin,AR,2022-04-28 01:39:57,-33.081,-68.4681,61.34,25,2,9.44
352,Adre,TD,2022-04-28 01:39:58,13.4667,22.2,80.01,43,82,3.02
353,Hamilton,US,2022-04-28 01:39:58,39.1834,-84.5333,56.25,58,20,6.91
354,Skibotn,NO,2022-04-28 01:39:58,69.3913,20.2679,23.54,88,100,6.71
355,Inirida,CO,2022-04-28 01:39:59,3.8653,-67.9239,72.05,93,32,1.95
356,Liuzhou,CN,2022-04-28 01:39:59,24.3126,109.3892,80.1,77,93,10.63
357,Saint-Georges,GD,2022-04-28 01:39:01,12.0564,-61.7485,78.48,89,40,0.0
358,Hay River,CA,2022-04-28 01:39:05,60.8156,-115.7999,39.16,60,75,4.61
359,Kipushi,CD,2022-04-28 01:40:00,-11.7667,27.2333,55.4,97,22,4.47
360,Machhiwara,IN,2022-04-28 01:40:01,30.9147,76.1983,88.57,13,0,2.95
361,Ler,SS,2022-04-28 01:40:01,8.3018,30.1418,81.16,57,100,8.3
362,San Ignacio,BZ,2022-04-28 01:40:02,17.1561,-89.0714,73.54,100,75,0.0
363,Lavrentiya,RU,2022-04-28 01:40:02,65.5833,-171.0,28.51,81,6,4.12
364,Klyuchi,RU,2022-04-28 01:40:03,52.2667,79.1667,55.65,46,100,6.22
365,Thompson,CA,2022-04-28 01:40:03,55.7435,-97.8558,42.96,28,20,8.05
366,Manggar,ID,2022-04-28 01:40:04,-2.8833,108.2667,82.92,76,99,8.68
367,Kuytun,RU,2022-04-28 01:40:04,54.3419,101.5036,40.12,42,0,4.9
368,Westport,US,2022-04-28 01:35:13,41.1415,-73.3579,45.75,52,0,20.71
369,Sembe,CG,2022-04-28 01:40:05,1.6481,14.5806,69.62,98,81,1.23
370,Moussoro,TD,2022-04-28 01:40:06,13.6408,16.4901,85.12,40,100,8.12
371,Cayenne,GF,2022-04-28 01:38:33,4.9333,-52.3333,82.09,1,100,2.3
372,Kilgore,US,2022-04-28 01:40:07,32.3863,-94.8758,72.23,59,0,3.44
373,Miraflores,MX,2022-04-28 01:40:08,19.2167,-98.8083,58.03,58,93,2.24
374,Palauig,PH,2022-04-28 01:40:09,15.435,119.9045,86.86,64,100,3.67
375,Biltine,TD,2022-04-28 01:40:09,14.5333,20.9167,84.81,44,70,10.96
376,Hope,US,2022-04-28 01:40:10,33.6671,-93.5916,68.05,64,25,6.08
377,Ponta Do Sol,PT,2022-04-28 01:40:10,32.6667,-17.1,61.43,73,52,5.01
378,Bardiyah,LY,2022-04-28 01:40:10,31.7561,25.0865,63.72,64,18,4.94
379,Miramar,US,2022-04-28 01:40:11,25.9873,-80.2323,78.82,72,0,6.91
380,Hovd,MN,2022-04-28 01:39:00,48.0056,91.6419,39.15,47,18,2.26
381,Barra Do Garcas,BR,2022-04-28 01:40:11,-15.89,-52.2567,71.29,64,0,1.48
382,Bom Jardim,BR,2022-04-28 01:40:12,-7.7958,-35.5872,69.91,94,100,3.53
383,Natal,BR,2022-04-28 01:39:09,-5.795,-35.2094,77.65,94,75,4.61
384,Sananduva,BR,2022-04-28 01:40:12,-27.9497,-51.8067,66.13,92,96,4.43
385,Providencia,MX,2022-04-28 01:40:13,28.7167,-111.5833,87.21,31,0,9.01
386,Sinjar,IQ,2022-04-28 01:40:13,36.3209,41.8754,64.96,58,96,2.71
387,Vila Velha,BR,2022-04-28 01:40:14,-20.3297,-40.2925,75.94,90,0,3.44
388,Andenes,NO,2022-04-28 01:40:14,69.3143,16.1194,28.38,69,75,21.85
389,Kiunga,PG,2022-04-28 01:40:15,-6.1219,141.2906,88.66,61,88,3.31
390,Arman,RU,2022-04-28 01:40:15,59.7,150.1667,37.02,55,100,17.18
391,Vereshchagino,RU,2022-04-28 01:40:15,58.0789,54.6557,49.17,96,98,9.95
392,Samarai,PG,2022-04-28 01:40:16,-10.6167,150.6667,83.86,73,12,4.65
393,Ambon,ID,2022-04-28 01:39:15,-3.6954,128.1814,86.14,74,20,2.3
394,Seymchan,RU,2022-04-28 01:40:17,62.8833,152.4333,25.2,75,100,18.3
395,Puerto Baquerizo Moreno,EC,2022-04-28 01:40:09,-0.9,-89.6,72.09,87,4,6.98
396,Windham,US,2022-04-28 01:40:17,41.8334,-72.0001,44.65,52,0,11.5
397,Beloha,MG,2022-04-28 01:40:17,-25.1667,45.05,64.69,82,64,6.35
398,Saint-Augustin,CA,2022-04-28 01:40:18,51.226,-58.6502,34.12,99,100,7.52
399,Tupik,RU,2022-04-28 01:40:18,54.4253,119.9327,42.13,28,100,0.81
400,San-Pedro,CI,2022-04-28 01:40:19,4.7485,-6.6363,79.59,84,100,3.4
401,Faya,SA,2022-04-28 01:40:19,18.3851,42.4509,57.31,40,0,4.63
402,Olafsvik,IS,2022-04-28 01:40:20,64.8945,-23.7142,43.0,73,46,2.82
403,Yar-Sale,RU,2022-04-28 01:40:20,66.8333,70.8333,15.87,80,82,6.8
404,Broome,US,2022-04-28 01:40:21,42.2506,-75.833,35.85,76,100,9.22
405,Anloga,GH,2022-04-28 01:40:21,5.7947,0.8973,78.73,85,100,17.22
406,Najran,SA,2022-04-28 01:40:21,17.4924,44.1277,72.25,42,1,4.72
407,Palu,ID,2022-04-28 01:40:22,-0.8917,119.8707,89.91,56,90,2.33
408,Boende,CD,2022-04-28 01:40:22,-0.2167,20.8667,69.49,98,71,0.43
409,San Ramon,US,2022-04-28 01:40:02,37.7799,-121.978,63.37,61,0,13.8
410,Channel-Port Aux Basques,CA,2022-04-28 01:40:23,47.5702,-59.1367,37.56,95,100,11.88
411,Lincoln,US,2022-04-28 01:36:49,40.8,-96.667,75.27,47,0,18.41
412,Broken Hill,AU,2022-04-28 01:40:24,-31.95,141.4333,62.31,88,80,6.91
413,Ust-Nera,RU,2022-04-28 01:40:24,64.5667,143.2,21.16,76,100,6.02
414,Petropavlovsk-Kamchatskiy,RU,2022-04-28 01:40:25,53.0452,158.6483,37.99,75,75,8.95
415,Samana,DO,2022-04-28 01:40:25,19.2056,-69.3369,70.95,71,13,7.11
416,Phuket,TH,2022-04-28 01:40:25,8.0,98.25,89.1,79,40,8.05
417,Puerto Madryn,AR,2022-04-28 01:40:26,-42.7692,-65.0385,43.7,64,100,23.44
418,Nanortalik,GL,2022-04-28 01:40:26,60.1432,-45.2371,38.16,94,100,9.55
419,San Cristobal,VE,2022-04-28 01:40:27,7.7669,-72.225,71.78,97,89,1.28
420,Raudeberg,NO,2022-04-28 01:40:27,61.9875,5.1352,41.67,93,100,13.73
421,Port Hardy,CA,2022-04-28 01:40:28,50.6996,-127.4199,48.38,76,75,10.36
422,Lasa,IT,2022-04-28 01:40:28,46.6166,10.7002,41.36,73,0,3.13
423,Lao Cai,VN,2022-04-28 01:40:29,22.4833,103.95,88.93,57,22,2.77
424,Stornoway,GB,2022-04-28 01:40:29,58.2093,-6.3865,35.56,93,20,0.0
425,Along,IN,2022-04-28 01:40:30,28.1667,94.7667,76.73,57,100,0.6
426,Mount Isa,AU,2022-04-28 01:39:05,-20.7333,139.5,85.77,48,62,6.91
427,Nantucket,US,2022-04-28 01:40:16,41.2835,-70.0995,51.85,55,5,31.38
428,Rocha,UY,2022-04-28 01:40:31,-34.4833,-54.3333,52.03,91,0,1.23
429,Bilma,NE,2022-04-28 01:40:31,18.6853,12.9164,85.66,11,0,8.21
430,Jarabacoa,DO,2022-04-28 01:40:31,19.1218,-70.6422,67.28,93,94,2.21
431,Guiren,CN,2022-04-28 01:40:32,33.6697,118.1889,60.55,44,97,11.86
432,Moindou,NC,2022-04-28 01:40:32,-21.6924,165.677,77.68,62,100,6.08
433,Scottsbluff,US,2022-04-28 01:40:33,41.8666,-103.6672,66.43,35,0,21.85
434,Dudinka,RU,2022-04-28 01:40:33,69.4058,86.1778,31.62,93,99,10.49
435,Besleney,RU,2022-04-28 01:40:33,44.2405,41.7387,56.03,92,100,2.44
436,Jiangyou,CN,2022-04-28 01:40:34,31.7667,104.7167,69.12,72,61,5.44
437,Moerai,PF,2022-04-28 01:40:34,-22.4333,-151.3333,79.81,77,11,14.7
438,Lazaro Cardenas,MX,2022-04-28 01:40:35,17.9583,-102.2,77.95,70,0,7.09
439,Sedan,FR,2022-04-28 01:40:35,49.6667,5.0,43.0,86,4,6.22
440,Dakar,SN,2022-04-28 01:40:11,14.6937,-17.4441,68.88,85,6,16.62
441,Bengbu,CN,2022-04-28 01:40:36,32.9408,117.3608,61.63,52,55,13.89
442,Shimoda,JP,2022-04-28 01:40:36,34.6667,138.95,61.16,68,100,19.75
443,Dongying,CN,2022-04-28 01:40:37,37.4564,118.4856,52.72,64,100,14.0
444,Medea,DZ,2022-04-28 01:40:37,36.2642,2.7539,50.41,97,100,4.54
445,Tornio,FI,2022-04-28 01:40:38,65.8481,24.1466,24.82,84,35,6.91
446,Altamira,BR,2022-04-28 01:38:44,-3.2033,-52.2064,73.24,97,100,1.21
447,Grootfontein,NA,2022-04-28 01:40:38,-19.5667,18.1167,60.37,72,95,0.0
448,Taft,IR,2022-04-28 01:40:39,31.7471,54.2088,62.55,34,0,4.61
449,Trelew,AR,2022-04-28 01:40:39,-43.249,-65.3051,43.61,56,100,16.33
450,Ossora,RU,2022-04-28 01:40:39,59.2353,163.0719,32.9,100,100,11.81
451,Merauke,ID,2022-04-28 01:40:40,-8.4667,140.3333,85.93,66,98,8.16
452,Ahuimanu,US,2022-04-28 01:40:40,21.4447,-157.8378,82.11,72,75,16.11
453,Zaozerne,UA,2022-04-28 01:40:41,45.1582,33.2787,52.03,75,0,13.38
454,Dzerzhinskoye,RU,2022-04-28 01:40:41,56.8344,95.2283,42.48,84,100,5.75
455,Shache,CN,2022-04-28 01:40:42,38.4167,77.2406,65.55,18,9,13.73
456,Raga,SS,2022-04-28 01:40:42,8.4596,25.678,75.02,77,92,5.32
457,Port Pirie,AU,2022-04-28 01:40:42,-33.1833,138.0167,75.29,41,37,16.75
458,Dwarka,IN,2022-04-28 01:40:43,22.2394,68.9678,82.45,76,5,8.81
459,Cheremukhovo,RU,2022-04-28 01:40:43,60.3484,59.9851,40.5,95,100,1.99
460,Bonfim,BR,2022-04-28 01:40:44,3.0833,-59.95,80.42,76,100,1.81
461,Havelock,US,2022-04-28 01:37:22,34.8791,-76.9013,64.35,70,0,5.75
462,Comodoro Rivadavia,AR,2022-04-28 01:40:44,-45.8667,-67.5,44.46,45,40,13.8
463,Svetlyy,RU,2022-04-28 01:40:45,54.675,20.1347,39.96,79,100,3.13
464,Wuning,CN,2022-04-28 01:40:45,29.2589,120.2311,70.65,75,99,2.62
465,Myanaung,MM,2022-04-28 01:40:46,18.2833,95.3167,91.08,53,100,6.42
466,Victor Harbor,AU,2022-04-28 01:40:46,-35.5667,138.6167,72.0,65,85,11.92
467,Labuhan,ID,2022-04-28 01:40:47,-6.8844,112.2051,80.46,83,100,3.83
468,Perbaungan,ID,2022-04-28 01:40:47,3.5679,98.956,80.71,74,93,2.57
469,Rawson,AR,2022-04-28 01:40:48,-43.3002,-65.1023,45.46,52,100,18.19
470,Bonthe,SL,2022-04-28 01:40:48,7.5264,-12.505,80.04,84,100,4.85
471,Yamada,JP,2022-04-28 01:40:48,39.4667,141.95,56.61,44,0,5.12
472,Leh,IN,2022-04-28 01:40:49,34.1667,77.5833,42.49,53,0,4.72
473,Madisonville,US,2022-04-28 01:40:49,37.3281,-87.4989,57.87,53,17,3.71
474,Manta,EC,2022-04-28 01:40:50,-0.95,-80.7333,78.58,83,75,8.05
475,Nioro,GM,2022-04-28 01:40:50,13.35,-15.75,77.63,44,17,6.02
476,Lucelia,BR,2022-04-28 01:40:50,-21.7203,-51.0189,74.55,55,100,7.25
477,Luanda,AO,2022-04-28 01:37:10,-8.8368,13.2343,76.75,89,100,7.36
478,Marienburg,PL,2022-04-28 01:40:51,54.0359,19.0266,42.12,81,99,5.35
479,Morondava,MG,2022-04-28 01:40:51,-20.2833,44.2833,72.97,68,0,13.94
480,Sabang,ID,2022-04-28 01:40:52,5.8933,95.3214,84.34,75,98,9.71
481,Sandila,IN,2022-04-28 01:40:52,27.0833,80.5167,91.74,10,0,0.72
482,Mange,SL,2022-04-28 01:40:53,8.9167,-12.85,78.84,87,97,2.17
483,Aktash,RU,2022-04-28 01:40:53,50.3,87.7333,29.59,62,8,0.78
484,Mogadishu,SO,2022-04-28 01:40:54,2.0371,45.3438,82.13,76,85,7.78
485,Houma,US,2022-04-28 01:40:54,29.5958,-90.7195,68.0,58,0,5.75
486,Erzin,TR,2022-04-28 01:40:54,36.9559,36.2,62.58,44,100,2.37
487,Solnechnyy,RU,2022-04-28 01:40:55,50.7214,136.6319,35.42,82,48,12.8
488,Brae,GB,2022-04-28 01:40:55,60.3964,-1.353,43.7,67,100,6.55
489,Uchkent,RU,2022-04-28 01:40:56,43.1143,47.0826,62.46,72,40,4.34
490,Evensk,RU,2022-04-28 01:40:56,61.95,159.2333,35.78,91,100,23.89
491,Ifakara,TZ,2022-04-28 01:40:56,-8.1333,36.6833,70.48,98,98,2.08
492,San Rafael,AR,2022-04-28 01:40:57,-34.6177,-68.3301,49.64,44,0,21.3
493,Tessalit,ML,2022-04-28 01:40:57,20.1986,1.0114,73.71,15,0,5.68
494,Brigantine,US,2022-04-28 01:40:58,39.4101,-74.3646,48.4,52,100,18.41
495,Idukki,IN,2022-04-28 01:40:58,9.85,76.9667,74.71,83,50,1.14
496,Ulladulla,AU,2022-04-28 01:40:58,-35.35,150.4667,67.1,63,49,6.55
497,Freistadt,AT,2022-04-28 01:40:59,48.511,14.5045,41.52,92,23,4.27
498,Kita,ML,2022-04-28 01:40:59,13.0349,-9.4895,84.94,21,3,4.83
499,Dorchester,US,2022-04-28 01:41:00,33.1002,-80.3831,62.13,64,0,0.0
500,Inhambane,MZ,2022-04-28 01:41:00,-23.865,35.3833,68.81,73,43,9.55
501,Bud,US,2022-04-28 01:41:00,39.447,-86.1758,55.42,72,84,8.63
502,Vardo,NO,2022-04-28 01:41:01,70.3705,31.1107,23.0,79,96,16.96
503,Porbandar,IN,2022-04-28 01:41:01,21.6422,69.6093,81.93,75,3,10.4
504,Campos,BR,2022-04-28 01:41:02,-21.75,-41.3,70.88,94,0,3.42
505,Watertown,US,2022-04-28 01:41:02,42.3709,-71.1828,47.55,55,100,19.57
506,Scarborough,GB,2022-04-28 01:40:05,54.2797,-0.4044,44.17,78,99,1.01
507,Vostok,RU,2022-04-28 01:36:26,46.4856,135.8833,41.86,48,41,15.01
508,Lokosovo,RU,2022-04-28 01:41:03,61.1333,74.8167,44.28,99,100,8.1
509,San Carlos De Bariloche,AR,2022-04-28 01:39:51,-41.1456,-71.3082,31.75,100,75,6.91
510,Esperance,AU,2022-04-28 01:41:04,-33.8667,121.9,60.64,59,0,23.0
511,Marica,BR,2022-04-28 01:41:04,-22.9194,-42.8186,80.51,81,1,6.08
512,Juneau,US,2022-04-28 01:36:07,58.3019,-134.4197,45.21,93,100,6.91
513,Tweed,CA,2022-04-28 01:41:05,44.4751,-77.3162,37.06,63,58,7.94
514,Jinka,ET,2022-04-28 01:41:06,5.65,36.65,61.61,89,98,1.68
515,Garwa,IN,2022-04-28 01:41:06,24.1833,83.8167,91.49,12,0,0.78
516,Outjo,NA,2022-04-28 01:41:07,-20.1167,16.15,68.83,43,66,12.15
517,Port Antonio,JM,2022-04-28 01:41:07,18.18,-76.4612,78.71,84,15,6.38
518,Staryy Nadym,RU,2022-04-28 01:41:08,65.6118,72.6842,23.14,81,62,4.09
519,Guararema,BR,2022-04-28 01:41:08,-23.415,-46.035,70.36,77,14,2.08
520,Kailua,US,2022-04-28 01:41:09,21.4022,-157.7394,82.38,79,80,3.0
521,Acapulco,MX,2022-04-28 01:41:09,16.8634,-99.8901,82.22,78,0,8.05
522,Changtu,CN,2022-04-28 01:41:10,42.7788,124.0955,56.03,18,100,4.54
523,Tuatapere,NZ,2022-04-28 01:41:10,-46.1333,167.6833,56.68,66,43,3.42
524,Terney,RU,2022-04-28 01:41:11,45.0503,136.6092,50.27,33,99,10.56
525,Taoudenni,ML,2022-04-28 01:41:11,22.6783,-3.9836,79.12,16,0,8.81
526,Araouane,ML,2022-04-28 01:41:12,18.9048,-3.5265,74.08,15,0,6.29
527,Esso,RU,2022-04-28 01:41:12,55.9333,158.7,29.07,94,100,7.11
528,Asosa,ET,2022-04-28 01:41:13,10.0667,34.5333,68.34,57,99,2.48
529,Kamsack,CA,2022-04-28 01:41:13,51.5667,-101.9009,32.45,82,61,12.21
530,Tynda,RU,2022-04-28 01:41:14,55.1667,124.7167,40.24,37,64,5.06
531,Ouesso,CG,2022-04-28 01:41:14,1.6136,16.0517,69.46,97,16,1.12
532,Gweta,BW,2022-04-28 01:41:15,-20.1833,25.2333,64.35,66,0,12.91
533,Saint-Joseph,RE,2022-04-28 01:41:15,-21.3667,55.6167,71.2,76,0,1.57
534,Axim,GH,2022-04-28 01:41:16,4.8699,-2.2405,79.14,85,100,4.76
535,Lappeenranta,FI,2022-04-28 01:41:16,61.0587,28.1887,28.45,73,0,2.3
536,Yuancheng,CN,2022-04-28 01:41:17,36.652,107.7896,51.19,44,50,3.67
537,Cam Ranh,VN,2022-04-28 01:41:17,11.9214,109.1591,85.96,74,20,2.3
538,Baykit,RU,2022-04-28 01:41:18,61.67,96.37,37.31,76,100,5.23
539,San Felipe,VE,2022-04-28 01:41:18,10.3399,-68.7425,72.82,97,100,3.18
540,Gizo,SB,2022-04-28 01:41:19,-8.103,156.8419,84.78,70,98,5.01
541,Nchelenge,ZM,2022-04-28 01:41:19,-9.3451,28.734,66.85,91,100,6.38
542,Jega,NG,2022-04-28 01:41:20,12.2175,4.3792,87.71,35,100,6.91
543,College,US,2022-04-28 01:41:21,64.8569,-147.8028,53.92,32,40,8.05
544,Cariati,IT,2022-04-28 01:41:21,39.4922,16.9594,58.44,74,4,10.22
545,Ewa Beach,US,2022-04-28 01:36:26,21.3156,-158.0072,82.35,60,75,16.11
546,Awjilah,LY,2022-04-28 01:41:22,29.1081,21.2869,75.33,17,59,17.52
547,Poum,NC,2022-04-28 01:41:22,-20.2333,164.0167,76.48,75,100,21.07
548,Pemberton,CA,2022-04-28 01:41:23,50.3164,-122.8027,49.69,81,46,2.51
549,Marzuq,YE,2022-04-28 01:41:23,14.4,46.4667,70.21,55,6,6.29
550,Necochea,AR,2022-04-28 01:41:24,-38.5473,-58.7368,54.63,51,10,16.96
551,Chulumani,BO,2022-04-28 01:41:24,-16.4096,-67.5263,65.88,95,88,0.74
552,Lagdo,CM,2022-04-28 01:41:25,9.05,13.7333,77.36,68,100,3.96
553,Mutata,CO,2022-04-28 01:41:25,7.2441,-76.4356,75.0,98,100,2.06
554,Yakima,US,2022-04-28 01:41:25,46.4665,-120.6678,57.83,45,100,6.91
555,Kushiro,JP,2022-04-28 01:40:55,42.975,144.3747,56.35,21,40,17.27
556,Booue,GA,2022-04-28 01:41:26,-0.0921,11.9385,72.82,96,99,2.33
557,Fjerritslev,DK,2022-04-28 01:41:26,57.0813,9.2664,40.86,75,11,13.78
558,Chelno-Vershiny,RU,2022-04-28 01:41:27,54.4333,51.1,51.24,91,100,12.35
559,Carutapera,BR,2022-04-28 01:41:27,-1.195,-46.02,75.81,93,100,4.68
560,Taihe,CN,2022-04-28 01:41:28,30.8712,105.3845,68.92,47,100,11.39
561,Bam,IR,2022-04-28 01:41:28,29.106,58.357,73.8,32,100,2.86
562,Bondoukou,CI,2022-04-28 01:41:29,8.0333,-2.8,72.45,94,100,5.23
563,Grand Gaube,MU,2022-04-28 01:41:29,-20.0064,57.6608,73.38,85,1,4.63
564,Saint-Gabriel,CA,2022-04-28 01:41:30,46.3001,-73.3824,37.08,66,11,10.71
565,Talnakh,RU,2022-04-28 01:41:30,69.4865,88.3972,31.21,99,100,10.0
566,Ashtian,IR,2022-04-28 01:41:31,34.5217,50.0019,49.53,64,0,2.75
567,Newport,GB,2022-04-28 01:41:31,51.5877,-2.9984,45.14,70,94,10.98
568,Beidao,CN,2022-04-28 01:41:31,34.5686,105.8933,55.81,63,17,2.55
569,Narsaq,GL,2022-04-28 01:41:32,60.9167,-46.05,41.22,86,100,3.87
570,Paka,MY,2022-04-28 01:41:32,4.6374,103.4368,84.13,84,20,1.14
571,Kungurtug,RU,2022-04-28 01:41:33,50.5994,97.5228,38.59,48,22,2.93
572,Aksu,CN,2022-04-28 01:41:33,41.1231,80.2644,60.51,37,27,5.93
573,Linqing,CN,2022-04-28 01:41:34,36.8456,115.7117,48.38,76,100,15.01
