city_id,City,Lat,Lng,Max Temp,Humidity,Cloudiness,Wind Speed,Country,Date
0,Tura,25.5198,90.2201,86.67,45,22,3.96,IN,2022-04-21 05:53:54
1,Hermanus,-34.4187,19.2345,60.8,95,36,2.24,ZA,2022-04-21 05:53:54
2,Pombas,17.1503,-25.0201,67.78,82,82,9.78,CV,2022-04-21 05:53:54
3,Saint George,37.1041,-113.5841,70.39,27,0,8.05,US,2022-04-21 05:51:01
4,Thinadhoo,0.5333,72.9333,84.11,70,39,7.87,MV,2022-04-21 05:53:55
5,Torbay,47.6666,-52.7314,37.76,94,100,19.57,CA,2022-04-21 05:53:55
6,Tazovskiy,67.4667,78.7,14.36,87,100,14.18,RU,2022-04-21 05:53:56
7,Cape Town,-33.9258,18.4232,63.91,90,75,4.61,ZA,2022-04-21 05:53:56
8,Albany,42.6001,-73.9662,34.52,79,39,2.68,US,2022-04-21 05:53:57
9,Castro,-24.7911,-50.0119,52.54,94,2,3.4,BR,2022-04-21 05:53:57
10,Bluff,-46.6,168.3333,55.8,80,90,9.31,NZ,2022-04-21 05:53:57
11,Acapulco,16.8634,-99.8901,78.67,62,0,5.17,MX,2022-04-21 05:53:58
12,Chokurdakh,70.6333,147.9167,19.31,93,23,4.85,RU,2022-04-21 05:53:58
13,Ponta Do Sol,32.6667,-17.1,61.43,73,17,3.98,PT,2022-04-21 05:53:59
14,Arraial Do Cabo,-22.9661,-42.0278,72.3,80,3,11.5,BR,2022-04-21 05:53:59
15,Hobart,-42.8794,147.3294,58.01,48,40,14.97,AU,2022-04-21 05:54:00
16,Ribeira Grande,38.5167,-28.7,58.3,82,85,16.04,PT,2022-04-21 05:54:00
17,Soyo,-6.1349,12.3689,77.38,85,99,3.44,AO,2022-04-21 05:54:00
18,Jamestown,42.097,-79.2353,47.52,50,0,11.5,US,2022-04-21 05:54:01
19,Dawlatabad,36.4141,64.9053,74.64,37,29,5.06,AF,2022-04-21 05:54:01
20,Bath,51.3779,-2.3591,47.37,83,100,6.17,GB,2022-04-21 05:50:38
21,Dikson,73.5069,80.5464,6.84,92,100,16.04,RU,2022-04-21 05:54:02
22,Tuktoyaktuk,69.4541,-133.0374,-0.4,85,20,6.91,CA,2022-04-21 05:54:02
23,Puerto Ayora,-0.7393,-90.3518,72.91,95,63,5.1,EC,2022-04-21 05:54:03
24,Xinyu,27.8043,114.9334,80.74,48,44,8.39,CN,2022-04-21 05:54:03
25,Maltahohe,-24.8333,16.9833,59.34,49,36,6.08,NA,2022-04-21 05:54:03
26,Akureyri,65.6835,-18.0878,40.93,81,0,5.75,IS,2022-04-21 05:54:04
27,Hithadhoo,-0.6,73.0833,83.41,67,56,4.5,MV,2022-04-21 05:54:05
28,Pasni,25.2631,63.471,82.54,53,49,9.66,PK,2022-04-21 05:54:05
29,Yellowknife,62.456,-114.3525,19.92,58,0,5.75,CA,2022-04-21 05:54:06
30,College,64.8569,-147.8028,41.32,44,0,0.0,US,2022-04-21 05:54:06
31,Morant Bay,17.8815,-76.4093,78.42,84,13,10.13,JM,2022-04-21 05:54:07
32,Sao Joao Da Barra,-21.6403,-41.0511,68.23,91,0,6.35,BR,2022-04-21 05:54:07
33,Komsomolskiy,40.4272,71.7189,65.12,63,40,4.61,UZ,2022-04-21 05:54:07
34,Ushuaia,-54.8,-68.3,42.46,75,40,24.16,AR,2022-04-21 05:54:08
35,Porbandar,21.6422,69.6093,89.58,58,20,9.22,IN,2022-04-21 05:54:08
36,Bredasdorp,-34.5322,20.0403,61.47,86,38,4.12,ZA,2022-04-21 05:54:09
37,Punta Arenas,-53.15,-70.9167,42.91,81,40,9.22,CL,2022-04-21 05:51:44
38,Severo-Kurilsk,50.6789,156.125,36.93,93,94,3.38,RU,2022-04-21 05:54:09
39,Port Hedland,-20.3167,118.5667,98.65,14,72,14.97,AU,2022-04-21 05:54:10
40,Saldanha,-33.0117,17.9442,59.05,97,12,9.62,ZA,2022-04-21 05:54:10
41,Busselton,-33.65,115.3333,74.28,41,0,9.13,AU,2022-04-21 05:54:10
42,Airai,-8.9266,125.4092,69.67,78,60,4.54,TL,2022-04-21 05:54:11
43,Mahebourg,-20.4081,57.7,83.25,78,75,3.44,MU,2022-04-21 05:54:11
44,Kimbe,-5.5502,150.1429,83.08,82,77,2.95,PG,2022-04-21 05:54:12
45,Khovu-Aksy,51.1333,93.6,44.58,39,72,4.85,RU,2022-04-21 05:54:17
46,Taoudenni,22.6783,-3.9836,76.05,11,1,11.45,ML,2022-04-21 05:54:18
47,Butaritari,3.0707,172.7902,81.18,81,45,11.81,KI,2022-04-21 05:54:18
48,Touros,-5.1989,-35.4608,75.49,90,36,7.23,BR,2022-04-21 05:53:17
49,Puerto Plata,19.7934,-70.6884,72.05,93,100,6.38,DO,2022-04-21 05:53:49
50,Geraldton,-28.7667,114.6,84.61,17,86,14.97,AU,2022-04-21 05:54:19
51,Vagur,61.4732,-6.8119,45.48,89,4,18.79,FO,2022-04-21 05:54:20
52,Avarua,-21.2078,-159.775,77.05,57,40,10.36,CK,2022-04-21 05:50:14
53,Astoria,46.1879,-123.8313,47.86,88,20,7.0,US,2022-04-21 05:52:17
54,Juneau,58.3019,-134.4197,38.84,86,15,4.79,US,2022-04-21 05:54:20
55,Carnarvon,-24.8667,113.6333,78.87,53,88,12.66,AU,2022-04-21 05:54:21
56,Nishihara,26.1842,127.7558,83.86,76,40,23.02,JP,2022-04-21 05:54:21
57,Vaini,-21.2,-175.2,80.76,89,40,8.05,TO,2022-04-21 05:54:22
58,Mataura,-46.1927,168.8643,55.47,99,100,3.62,NZ,2022-04-21 05:54:22
59,Rawson,-43.3002,-65.1023,53.53,46,23,12.15,AR,2022-04-21 05:54:23
60,Hervey Bay,-25.2986,152.8535,76.57,72,22,17.45,AU,2022-04-21 05:54:23
61,Cusco,-13.5183,-71.9781,45.21,86,58,2.82,PE,2022-04-21 05:54:23
62,Traralgon,-38.1833,146.5333,60.06,52,78,4.0,AU,2022-04-21 05:54:24
63,Sosva,59.1766,61.8558,27.41,68,99,12.33,RU,2022-04-21 05:54:24
64,Salalah,17.0151,54.0924,83.53,61,1,7.83,OM,2022-04-21 05:54:25
65,Rikitea,-23.1203,-134.9692,79.14,70,33,20.69,PF,2022-04-21 05:54:25
66,Mao,39.8885,4.2658,52.36,82,40,4.61,ES,2022-04-21 05:54:25
67,Zaria,11.1113,7.7227,79.48,61,99,8.79,NG,2022-04-21 05:54:26
68,Havre-Saint-Pierre,50.2334,-63.5986,35.6,55,0,19.57,CA,2022-04-21 05:54:26
69,Upernavik,72.7868,-56.1549,-6.3,71,64,9.01,GL,2022-04-21 05:54:27
70,Bubaque,11.2833,-15.8333,75.56,71,61,11.14,GW,2022-04-21 05:54:27
71,Freeport,40.6576,-73.5832,50.16,67,53,3.0,US,2022-04-21 05:54:27
72,Klaksvik,62.2266,-6.589,45.52,91,20,13.49,FO,2022-04-21 05:54:28
73,Jiuquan,39.7432,98.5174,63.93,11,100,5.95,CN,2022-04-21 05:54:28
74,Meulaboh,4.1363,96.1285,85.42,62,98,4.23,ID,2022-04-21 05:54:29
75,Qaanaaq,77.484,-69.3632,-11.36,87,94,7.94,GL,2022-04-21 05:54:29
76,Corsicana,32.0954,-96.4689,74.16,81,75,20.71,US,2022-04-21 05:54:29
77,Lompoc,34.6391,-120.4579,54.32,83,100,8.01,US,2022-04-21 05:54:30
78,Asau,46.4333,26.4,38.32,65,93,4.97,RO,2022-04-21 05:54:30
79,Banda Aceh,5.5577,95.3222,86.23,66,96,2.51,ID,2022-04-21 05:54:31
80,Jinan,36.6683,116.9972,84.06,25,18,21.7,CN,2022-04-21 05:54:31
81,Cairns,-16.9167,145.7667,79.11,93,40,3.44,AU,2022-04-21 05:53:56
82,Faanui,-16.4833,-151.75,81.28,71,16,7.54,PF,2022-04-21 05:54:31
83,Carutapera,-1.195,-46.02,75.85,94,83,4.59,BR,2022-04-21 05:54:32
84,Bud,39.447,-86.1758,55.42,83,100,21.05,US,2022-04-21 05:54:32
85,Khash,28.2211,61.2158,78.57,8,56,3.42,IR,2022-04-21 05:54:33
86,Chittaurgarh,24.8833,74.6333,97.72,16,96,11.18,IN,2022-04-21 05:54:33
87,Ngunguru,-35.6167,174.5,67.15,92,22,10.98,NZ,2022-04-21 05:54:34
88,Guacui,-20.7756,-41.6794,62.38,94,54,2.51,BR,2022-04-21 05:54:34
89,Saint-Philippe,-21.3585,55.7679,82.22,83,58,7.74,RE,2022-04-21 05:54:34
90,Baruun-Urt,46.6806,113.2792,43.11,20,91,11.81,MN,2022-04-21 05:54:35
91,Jacareacanga,-6.2222,-57.7528,71.92,100,90,0.74,BR,2022-04-21 05:51:37
92,Aborlan,9.4352,118.5492,91.47,71,76,5.53,PH,2022-04-21 05:54:40
93,Thompson,55.7435,-97.8558,24.96,54,40,9.22,CA,2022-04-21 05:52:23
94,Marawi,7.9986,124.2928,77.38,85,96,5.28,PH,2022-04-21 05:54:41
95,Puerto Narino,-3.7703,-70.3831,71.24,99,100,1.32,CO,2022-04-21 05:54:41
96,Coquimbo,-29.9533,-71.3436,53.33,100,100,2.3,CL,2022-04-21 05:53:04
97,Atuona,-9.8,-139.0333,79.07,80,20,15.93,PF,2022-04-21 05:50:59
98,Tuatapere,-46.1333,167.6833,53.35,89,100,6.11,NZ,2022-04-21 05:54:42
99,Tabou,4.423,-7.3528,77.88,90,98,6.4,CI,2022-04-21 05:54:42
100,Liverpool,53.4106,-2.9779,47.28,77,0,11.5,GB,2022-04-21 05:53:15
101,Wageningen,51.9667,5.6667,46.98,80,56,5.75,NL,2022-04-21 05:54:43
102,Khandbari,27.3747,87.2039,80.31,48,10,5.97,NP,2022-04-21 05:54:43
103,Goderich,43.7501,-81.7165,46.9,46,100,14.97,CA,2022-04-21 05:52:21
104,Iqaluit,63.7506,-68.5145,15.53,78,100,10.36,CA,2022-04-21 05:54:44
105,Vestmannaeyjar,63.4427,-20.2734,46.8,90,100,9.13,IS,2022-04-21 05:54:44
106,Porto Nacional,-10.7081,-48.4172,77.0,92,84,2.06,BR,2022-04-21 05:54:45
107,Guymon,36.6828,-101.4816,58.24,45,45,11.14,US,2022-04-21 05:54:45
108,Kichera,55.9375,110.0997,31.71,69,100,10.16,RU,2022-04-21 05:54:46
109,Barrow,71.2906,-156.7887,2.71,94,97,10.65,US,2022-04-21 05:54:46
110,Oktyabrskoye,43.0645,44.7417,48.34,87,100,8.95,RU,2022-04-21 05:54:46
111,Kruisfontein,-34.0033,24.7314,70.12,40,100,6.69,ZA,2022-04-21 05:54:47
112,Dergachi,51.2328,48.7659,60.22,75,100,6.8,RU,2022-04-21 05:54:47
113,Bac Lieu,9.285,105.7244,87.87,64,85,15.57,VN,2022-04-21 05:54:48
114,Avera,33.194,-82.5271,57.25,73,100,9.55,US,2022-04-21 05:54:48
115,Ancud,-41.8697,-73.8203,55.22,95,100,24.61,CL,2022-04-21 05:54:48
116,Abay,49.6311,72.8539,64.78,38,91,23.85,KZ,2022-04-21 05:54:49
117,Chuy,-33.6971,-53.4616,61.2,93,84,7.74,UY,2022-04-21 05:54:49
118,Praia,14.9215,-23.5087,68.54,83,20,8.05,CV,2022-04-21 05:54:50
119,Talaya,61.3833,152.75,25.43,65,41,1.39,RU,2022-04-21 05:54:50
120,Peniche,39.3558,-9.3811,54.1,92,86,9.48,PT,2022-04-21 05:54:50
121,Narsaq,60.9167,-46.05,31.28,80,100,5.66,GL,2022-04-21 05:54:51
122,Saint-Augustin,51.226,-58.6502,34.2,86,94,14.09,CA,2022-04-21 05:54:51
123,Vanimo,-2.6741,141.3028,76.17,95,100,2.39,PG,2022-04-21 05:54:52
124,Nikolskoye,59.7035,30.7861,46.87,73,17,8.84,RU,2022-04-21 05:54:52
125,Bethel,41.3712,-73.414,43.93,67,61,2.73,US,2022-04-21 05:54:52
126,Lagoa,39.05,-27.9833,56.82,75,82,19.89,PT,2022-04-21 05:54:53
127,Ostersund,63.1792,14.6357,36.05,87,0,3.44,SE,2022-04-21 05:54:53
128,Lorengau,-2.0226,147.2712,85.26,66,23,10.02,PG,2022-04-21 05:54:54
129,Cidreira,-30.1811,-50.2056,65.57,85,4,10.02,BR,2022-04-21 05:54:54
130,Clyde River,70.4692,-68.5914,-0.17,85,100,8.05,CA,2022-04-21 05:54:54
131,Port Alfred,-33.5906,26.891,74.43,49,99,9.4,ZA,2022-04-21 05:54:55
132,Marshfield,44.6689,-90.1718,43.68,98,100,10.42,US,2022-04-21 05:54:55
133,San Patricio,28.017,-97.5169,76.15,94,13,13.0,US,2022-04-21 05:54:56
134,Leningradskiy,69.3833,178.4167,18.59,96,58,5.3,RU,2022-04-21 05:54:56
135,Lasa,46.6166,10.7002,45.48,87,93,2.17,IT,2022-04-21 05:54:56
136,Nunchia,5.6406,-72.1986,70.79,91,96,3.27,CO,2022-04-21 05:54:57
137,Sao Filipe,14.8961,-24.4956,72.16,80,81,6.87,CV,2022-04-21 05:54:57
138,Bay Roberts,47.5999,-53.2648,38.52,90,100,5.99,CA,2022-04-21 05:51:05
139,Dingle,10.9995,122.6711,88.38,63,91,11.86,PH,2022-04-21 05:55:03
140,Lebu,-37.6167,-73.65,49.86,76,90,0.38,CL,2022-04-21 05:55:03
141,Kalevala,65.2,31.1667,41.74,90,83,6.08,RU,2022-04-21 05:55:04
142,Half Moon Bay,37.4636,-122.4286,58.93,91,100,17.27,US,2022-04-21 05:55:04
143,Tiksi,71.6872,128.8694,13.3,92,100,6.38,RU,2022-04-21 05:55:05
144,Merauke,-8.4667,140.3333,84.94,68,89,8.14,ID,2022-04-21 05:55:05
145,Stokmarknes,68.5646,14.9108,40.98,93,75,3.44,NO,2022-04-21 05:55:05
146,Kanniyakumari,8.0833,77.5667,87.84,65,36,7.16,IN,2022-04-21 05:55:06
147,Sao Gabriel Da Cachoeira,-0.1303,-67.0892,71.67,100,100,0.94,BR,2022-04-21 05:55:06
148,Rumonge,-3.9736,29.4386,74.1,77,96,2.08,BI,2022-04-21 05:55:07
149,Suhut,38.5311,30.5458,48.31,50,1,2.55,TR,2022-04-21 05:55:07
150,Luba,3.4568,8.5547,73.29,83,90,5.35,GQ,2022-04-21 05:55:08
151,Kavieng,-2.5744,150.7967,83.59,76,100,12.15,PG,2022-04-21 05:55:08
152,Kapaa,22.0752,-159.319,75.18,97,88,1.99,US,2022-04-21 05:55:09
153,Kodiak,57.79,-152.4072,36.7,83,53,5.68,US,2022-04-21 05:55:09
154,Hobyo,5.3505,48.5268,84.85,66,90,10.33,SO,2022-04-21 05:55:09
155,Port Macquarie,-31.4333,152.9167,71.89,71,41,9.4,AU,2022-04-21 05:55:10
156,Aguie,13.506,7.7786,83.52,26,49,4.9,NE,2022-04-21 05:55:10
157,Hambantota,6.1241,81.1185,88.14,79,75,5.75,LK,2022-04-21 05:55:11
158,Ciudad Bolivar,8.1222,-63.5497,77.67,73,57,12.08,VE,2022-04-21 05:55:11
159,Shellbrook,53.2168,-106.4011,29.43,96,50,3.4,CA,2022-04-21 05:55:11
160,Tucupita,9.0622,-62.051,71.98,96,87,2.55,VE,2022-04-21 05:55:12
161,East London,-33.0153,27.9116,68.94,68,0,5.75,ZA,2022-04-21 05:55:12
162,Hamilton,39.1834,-84.5333,62.55,41,100,9.22,US,2022-04-21 05:50:50
163,Tual,-5.6667,132.75,83.86,72,94,3.96,ID,2022-04-21 05:55:13
164,Kushiro,42.975,144.3747,56.35,47,0,17.27,JP,2022-04-21 05:55:13
165,Sabha,27.0377,14.4283,71.82,21,59,19.69,LY,2022-04-21 05:55:14
166,Road Town,18.4167,-64.6167,77.97,69,60,19.44,VG,2022-04-21 05:55:14
167,Dunedin,-45.8742,170.5036,55.8,90,100,1.99,NZ,2022-04-21 05:55:14
168,Talnakh,69.4865,88.3972,20.21,74,12,1.66,RU,2022-04-21 05:55:15
169,New Norfolk,-42.7826,147.0587,56.71,34,74,5.75,AU,2022-04-21 05:55:15
170,Berlevag,70.8578,29.0864,42.6,88,97,6.06,NO,2022-04-21 05:55:16
171,Agua Dulce,18.1333,-94.1333,77.38,79,9,3.89,MX,2022-04-21 05:55:16
172,Bogande,12.9714,-0.1436,87.6,40,71,9.6,BF,2022-04-21 05:55:16
173,Paracale,14.2804,122.7881,85.96,70,28,8.3,PH,2022-04-21 05:55:17
174,Provideniya,64.3833,-173.3,30.36,64,0,8.99,RU,2022-04-21 05:55:18
175,Boromlya,50.6184,34.9704,43.07,78,94,13.22,UA,2022-04-21 05:55:18
176,Brewster,41.3973,-73.6171,44.91,71,62,2.35,US,2022-04-21 05:55:19
177,Zhigansk,66.7697,123.3711,26.53,76,100,3.91,RU,2022-04-21 05:55:19
178,Fort Nelson,58.8053,-122.7002,29.79,59,75,2.3,CA,2022-04-21 05:55:19
179,Vila Franca Do Campo,37.7167,-25.4333,57.61,67,80,7.87,PT,2022-04-21 05:55:20
180,Mehamn,71.0357,27.8492,40.32,88,100,11.88,NO,2022-04-21 05:55:20
181,San Policarpo,12.1791,125.5072,82.89,82,90,10.38,PH,2022-04-21 05:55:21
182,Constitucion,-35.3333,-72.4167,50.49,68,38,8.03,CL,2022-04-21 05:55:21
183,Ayna,-12.65,-73.9167,60.49,85,90,1.28,PE,2022-04-21 05:55:21
184,Malibu,34.005,-118.8101,57.27,88,3,1.99,US,2022-04-21 05:55:27
185,San Juan,-31.5375,-68.5364,58.39,61,1,5.37,AR,2022-04-21 05:55:27
186,Dawei,14.0833,98.2,87.01,67,65,3.76,MM,2022-04-21 05:55:28
187,Luwuk,-0.9516,122.7875,86.47,69,72,3.22,ID,2022-04-21 05:55:28
188,Arlit,18.7369,7.3853,83.55,14,96,8.68,NE,2022-04-21 05:55:28
189,Mocuba,-16.8392,36.9856,70.41,93,100,5.1,MZ,2022-04-21 05:55:29
190,Njombe,-9.3333,34.7667,61.2,84,93,6.55,TZ,2022-04-21 05:55:29
191,Karlskrona,56.1616,15.5866,43.25,78,44,14.61,SE,2022-04-21 05:55:30
192,Lavrentiya,65.5833,-171.0,18.95,93,10,4.16,RU,2022-04-21 05:55:30
193,Shache,38.4167,77.2406,79.83,13,67,11.43,CN,2022-04-21 05:55:30
194,Belmonte,-15.8631,-38.8828,74.77,84,8,8.72,BR,2022-04-21 05:55:31
195,Hasaki,35.7333,140.8333,72.28,77,100,13.06,JP,2022-04-21 05:55:31
196,Ancona,43.55,13.1667,53.38,93,75,6.91,IT,2022-04-21 05:55:32
197,Mar Del Plata,-38.0023,-57.5575,58.87,91,0,8.05,AR,2022-04-21 05:51:18
198,Bogovarovo,58.9785,47.0246,38.08,74,39,7.94,RU,2022-04-21 05:55:32
199,Ayrum,41.1898,44.9014,57.9,72,28,4.41,AM,2022-04-21 05:55:33
200,Lazaro Cardenas,17.9583,-102.2,73.98,84,0,2.91,MX,2022-04-21 05:55:33
201,Daru,-9.0763,143.2092,81.91,84,100,8.77,PG,2022-04-21 05:55:34
202,Charters Towers,-20.1,146.2667,70.61,94,100,14.38,AU,2022-04-21 05:55:34
203,Nelson Bay,-32.7167,152.15,73.99,69,21,7.94,AU,2022-04-21 05:55:34
204,Souillac,-20.5167,57.5167,82.78,78,75,3.44,MU,2022-04-21 05:55:35
205,Bauchi,10.5,10.0,82.2,41,100,2.77,NG,2022-04-21 05:55:35
206,Tromso,69.6496,18.957,43.38,81,75,10.36,NO,2022-04-21 05:55:35
207,Baiyin,36.5583,104.2081,66.11,11,73,13.13,CN,2022-04-21 05:55:36
208,Port Augusta,-32.5,137.7667,70.81,46,3,13.76,AU,2022-04-21 05:55:36
209,Cayenne,4.9333,-52.3333,77.09,1,75,6.91,GF,2022-04-21 05:55:37
210,Camacha,33.0833,-16.3333,56.62,77,40,6.91,PT,2022-04-21 05:54:02
211,Cherskiy,68.75,161.3,29.75,85,91,2.37,RU,2022-04-21 05:55:37
212,Malvern,34.3623,-92.813,67.32,95,99,8.93,US,2022-04-21 05:55:38
213,Nipawin,53.3668,-104.0009,26.64,93,75,6.91,CA,2022-04-21 05:55:38
214,Uyovu,-3.2833,31.5258,67.86,86,98,2.82,TZ,2022-04-21 05:55:38
215,Kahului,20.8947,-156.47,73.85,82,56,4.0,US,2022-04-21 05:55:39
216,Lima,-12.0432,-77.0282,71.91,73,0,5.75,PE,2022-04-21 05:54:40
217,Broome,42.2506,-75.833,37.65,65,96,4.72,US,2022-04-21 05:55:39
218,Yarmouth,41.7057,-70.2286,46.96,89,0,3.0,US,2022-04-21 05:55:40
219,Port Hardy,50.6996,-127.4199,48.2,71,100,6.91,CA,2022-04-21 05:55:40
220,Batagay,67.6333,134.6333,30.36,90,100,3.42,RU,2022-04-21 05:55:41
221,Bengkulu,-3.8004,102.2655,85.66,64,65,8.95,ID,2022-04-21 05:52:56
222,Chipinge,-20.1883,32.6236,58.82,99,100,1.86,ZW,2022-04-21 05:55:41
223,Yulara,-25.2406,130.9889,76.84,18,40,12.66,AU,2022-04-21 05:55:42
224,Baft,29.234,56.6057,67.1,12,32,3.6,IR,2022-04-21 05:55:42
225,Nicoya,10.1483,-85.452,76.73,80,9,2.19,CR,2022-04-21 05:55:43
226,Dakar,14.6937,-17.4441,70.68,84,67,9.73,SN,2022-04-21 05:55:15
227,Gazimurskiy Zavod,51.5461,118.3266,43.47,20,2,8.79,RU,2022-04-21 05:55:43
228,Kassala,15.451,36.4,94.08,20,87,12.86,SD,2022-04-21 05:55:43
229,Rio Grande,-32.035,-52.0986,64.31,87,57,8.66,BR,2022-04-21 05:55:44
230,Bambous Virieux,-20.3428,57.7575,83.21,78,75,3.44,MU,2022-04-21 05:55:44
231,Discovery Bay,37.9085,-121.6002,61.14,59,20,18.41,US,2022-04-21 05:55:45
232,Ahipara,-35.1667,173.1667,66.87,93,20,6.04,NZ,2022-04-21 05:55:45
233,Kamenka,51.3223,42.7678,51.28,53,19,12.33,RU,2022-04-21 05:55:45
234,Beidao,34.5686,105.8933,73.96,37,13,2.44,CN,2022-04-21 05:55:51
235,Sinnamary,5.3833,-52.95,76.17,91,100,6.33,GF,2022-04-21 05:55:51
236,Nanortalik,60.1432,-45.2371,33.76,73,100,19.46,GL,2022-04-21 05:55:52
237,Cabo San Lucas,22.8909,-109.9124,68.5,78,1,11.5,MX,2022-04-21 05:51:03
238,Smolenka,52.1352,113.4974,41.07,33,40,17.9,RU,2022-04-21 05:55:52
239,Paita,-5.0892,-81.1144,68.34,81,83,14.81,PE,2022-04-21 05:55:53
240,Inhambane,-23.865,35.3833,73.38,88,40,4.61,MZ,2022-04-21 05:55:53
241,Buala,-8.145,159.5921,83.97,74,69,7.49,SB,2022-04-21 05:55:54
242,Passagem Franca,-6.1797,-43.7836,74.26,84,48,1.48,BR,2022-04-21 05:55:54
243,Mehran,33.1222,46.1646,82.72,14,75,6.73,IR,2022-04-21 05:55:54
244,Ostrovnoy,68.0531,39.5131,33.04,91,100,16.93,RU,2022-04-21 05:55:55
245,Longyearbyen,78.2186,15.6401,30.04,69,20,11.5,SJ,2022-04-21 05:55:55
246,Zharkent,44.1628,80.0,64.56,30,100,4.38,KZ,2022-04-21 05:55:56
247,Namuac,18.6109,121.1657,84.67,70,9,6.42,PH,2022-04-21 05:55:56
248,Isangel,-19.55,169.2667,80.2,77,58,9.53,VU,2022-04-21 05:55:56
249,Timra,62.487,17.3257,35.28,80,0,5.75,SE,2022-04-21 05:55:57
250,Tasiilaq,65.6145,-37.6368,23.79,90,88,4.23,GL,2022-04-21 05:55:57
251,Santa Cruz,-17.8,-63.1667,72.86,88,75,2.3,BO,2022-04-21 05:55:58
252,Burns Lake,54.2331,-125.7533,33.22,96,55,3.13,CA,2022-04-21 05:54:03
253,Sisimiut,66.9395,-53.6735,19.56,58,100,9.15,GL,2022-04-21 05:55:58
254,Hovd,48.0056,91.6419,49.33,27,39,9.24,MN,2022-04-21 05:55:59
255,Stepnogorsk,52.3544,71.8869,45.75,86,100,14.0,KZ,2022-04-21 05:55:59
256,Tezu,27.9167,96.1667,88.3,46,2,4.32,IN,2022-04-21 05:55:59
257,Zyryanka,65.75,150.85,25.57,77,100,1.86,RU,2022-04-21 05:56:00
258,Roma,43.2128,-75.4557,36.73,75,94,1.99,US,2022-04-21 05:55:51
259,Alihe,50.5667,123.7167,51.71,21,100,4.74,CN,2022-04-21 05:56:00
260,Okhotsk,59.3833,143.3,29.52,78,99,8.63,RU,2022-04-21 05:56:01
261,Sitka,57.0531,-135.33,41.54,80,59,2.91,US,2022-04-21 05:54:23
262,Hami,42.8,93.45,70.86,6,52,1.41,CN,2022-04-21 05:56:01
263,Plaster Rock,46.9065,-67.39,30.6,93,11,4.81,CA,2022-04-21 05:56:02
264,Port-Gentil,-0.7193,8.7815,78.76,94,40,2.3,GA,2022-04-21 05:56:02
265,Araouane,18.9048,-3.5265,76.33,14,1,8.9,ML,2022-04-21 05:56:03
266,Macheng,31.1783,115.0319,78.96,49,0,14.7,CN,2022-04-21 05:56:03
267,Pevek,69.7008,170.3133,28.72,81,100,0.2,RU,2022-04-21 05:56:03
268,Guerrero Negro,27.9769,-114.0611,59.5,85,0,14.23,MX,2022-04-21 05:56:04
269,Port Blair,11.6667,92.75,87.84,70,20,6.91,IN,2022-04-21 05:56:04
270,Baykit,61.67,96.37,29.88,84,100,4.32,RU,2022-04-21 05:56:05
271,Fremont,37.5483,-121.9886,58.98,77,100,8.05,US,2022-04-21 05:54:30
272,Krasnoselkup,65.7,82.4667,12.83,82,70,13.04,RU,2022-04-21 05:56:05
273,Staunton,38.1496,-79.0717,47.88,52,0,4.61,US,2022-04-21 05:56:06
274,Nakusp,50.2499,-117.8023,43.14,61,100,2.3,CA,2022-04-21 05:56:06
275,Sarkand,45.41,79.9186,63.77,21,100,7.09,KZ,2022-04-21 05:56:06
276,Opuwo,-18.0607,13.84,61.72,52,48,7.07,NA,2022-04-21 05:56:07
277,Dashitou,43.3067,128.5114,70.65,24,47,13.15,CN,2022-04-21 05:56:07
278,Pryazha,61.6926,33.6216,38.43,78,84,8.25,RU,2022-04-21 05:56:08
279,Port Elizabeth,-33.918,25.5701,74.32,47,0,4.61,ZA,2022-04-21 05:51:52
280,Namatanai,-3.6667,152.4333,83.19,74,44,10.36,PG,2022-04-21 05:56:08
281,Hilo,19.7297,-155.09,70.25,93,97,4.0,US,2022-04-21 05:56:09
282,Srednekolymsk,67.45,153.6833,28.4,78,88,1.36,RU,2022-04-21 05:56:09
283,Litomysl,49.8681,16.313,42.66,85,100,2.1,CZ,2022-04-21 05:56:14
284,Bontang,0.1333,117.5,84.15,70,95,6.8,ID,2022-04-21 05:56:15
285,Puerto Madero,14.7208,-92.4215,81.73,71,2,2.86,MX,2022-04-21 05:56:15
286,Te Anau,-45.4167,167.7167,54.61,92,97,0.6,NZ,2022-04-21 05:56:16
287,Svetlyy,54.675,20.1347,48.25,78,96,10.96,RU,2022-04-21 05:56:16
288,Alofi,-19.0595,-169.9187,80.49,83,97,4.61,NU,2022-04-21 05:56:16
289,Grand Gaube,-20.0064,57.6608,83.37,78,95,1.99,MU,2022-04-21 05:56:17
290,San Giovanni Rotondo,41.7049,15.7191,51.19,82,100,8.59,IT,2022-04-21 05:56:17
291,Margate,51.3813,1.3862,50.31,85,91,3.0,GB,2022-04-21 05:56:18
292,Lingao,19.9103,109.6859,78.55,76,29,9.8,CN,2022-04-21 05:56:18
293,Ilulissat,69.2167,-51.1,14.79,69,100,10.87,GL,2022-04-21 05:56:19
294,Naze,28.3667,129.4833,70.72,83,100,21.0,JP,2022-04-21 05:56:19
295,Husavik,66.0449,-17.3389,40.68,92,83,11.72,IS,2022-04-21 05:56:19
296,Sawakin,19.1059,37.3321,81.27,66,39,9.71,SD,2022-04-21 05:56:20
297,Sur,22.5667,59.5289,91.49,35,35,2.26,OM,2022-04-21 05:56:20
298,Tiarei,-17.5333,-149.3333,80.62,73,68,8.84,PF,2022-04-21 05:56:21
299,Arua,3.0201,30.9111,70.27,75,92,0.56,UG,2022-04-21 05:56:21
300,Tilichiki,60.4667,166.1,21.97,85,8,3.83,RU,2022-04-21 05:56:21
301,Gore,-46.1028,168.9436,52.23,99,100,2.98,NZ,2022-04-21 05:56:22
302,Fairview,40.8126,-73.999,49.41,72,64,7.0,US,2022-04-21 05:56:22
303,Ruidoso,33.3317,-105.673,62.74,13,0,6.91,US,2022-04-21 05:56:23
304,Jiwani,25.05,61.7417,82.45,61,99,8.72,PK,2022-04-21 05:56:23
305,Stornoway,58.2093,-6.3865,44.56,83,20,2.3,GB,2022-04-21 05:56:24
306,Pedra Azul,-16.0053,-41.2972,61.18,94,0,1.63,BR,2022-04-21 05:56:24
307,Springbok,-29.6643,17.8865,64.69,39,19,7.14,ZA,2022-04-21 05:56:24
308,Zambezi,-13.5432,23.1047,64.36,87,96,3.42,ZM,2022-04-21 05:56:25
309,Katsuura,35.1333,140.3,64.8,80,100,9.24,JP,2022-04-21 05:56:25
310,Khatanga,71.9667,102.5,12.72,86,51,6.82,RU,2022-04-21 05:56:26
311,Tan An,10.5333,106.4167,93.22,47,99,12.17,VN,2022-04-21 05:55:00
312,Omboue,-1.5746,9.2618,79.03,90,100,4.29,GA,2022-04-21 05:56:26
313,Saskylakh,71.9167,114.0833,14.02,91,100,6.44,RU,2022-04-21 05:56:27
314,Boyuibe,-20.4167,-63.2833,63.28,91,12,3.11,BO,2022-04-21 05:56:27
315,Merke,42.8728,73.1786,65.79,54,70,5.88,KZ,2022-04-21 05:56:28
316,Caravelas,-17.7125,-39.2481,72.68,77,0,5.26,BR,2022-04-21 05:56:28
317,Mangaldai,26.4333,92.0333,89.17,45,0,4.52,IN,2022-04-21 05:53:51
318,Tefe,-3.3542,-64.7114,72.88,99,100,2.64,BR,2022-04-21 05:56:29
319,Georgetown,5.4112,100.3354,89.53,70,20,9.22,MY,2022-04-21 05:56:05
320,Portland,45.5234,-122.6762,49.08,85,99,4.0,US,2022-04-21 05:55:09
321,Laguna,38.421,-121.4238,61.07,80,100,4.61,US,2022-04-21 05:56:29
322,Pacific Grove,36.6177,-121.9166,57.42,71,18,18.99,US,2022-04-21 05:55:03
323,Enid,36.3956,-97.8784,66.36,80,0,9.22,US,2022-04-21 05:52:19
324,Ibra,22.6906,58.5334,90.27,18,46,7.31,OM,2022-04-21 05:56:30
325,Sorland,67.667,12.6934,43.66,74,58,5.64,NO,2022-04-21 05:56:31
326,Morondava,-20.2833,44.2833,82.54,66,6,7.92,MG,2022-04-21 05:56:31
327,Raga,8.4596,25.678,78.48,66,97,8.32,SS,2022-04-21 05:56:31
328,Montepuez,-13.1256,38.9997,72.95,80,90,7.83,MZ,2022-04-21 05:56:32
329,Westport,41.1415,-73.3579,45.93,66,60,3.0,US,2022-04-21 05:55:46
330,Gravdal,68.1214,13.5031,44.26,68,91,6.42,NO,2022-04-21 05:56:37
331,Bluefield,37.2698,-81.2223,52.56,70,100,9.22,US,2022-04-21 05:56:08
332,Ixtapa,20.7,-105.2,74.23,64,3,1.88,MX,2022-04-21 05:56:38
333,Matagami,49.7502,-77.6328,30.31,59,100,11.5,CA,2022-04-21 05:56:39
334,Comodoro Rivadavia,-45.8667,-67.5,57.06,41,0,17.27,AR,2022-04-21 05:56:39
335,Nkhotakota,-12.9274,34.2961,71.53,86,100,9.71,MW,2022-04-21 05:56:39
336,North Myrtle Beach,33.816,-78.68,61.05,81,0,3.44,US,2022-04-21 05:52:42
337,Bondo,3.8146,23.6866,71.01,97,99,2.21,CD,2022-04-21 05:56:40
338,Kirkwall,58.9848,-2.9587,41.97,100,80,5.75,GB,2022-04-21 05:53:29
339,Tyukhtet,56.5389,89.3011,42.67,68,100,9.62,RU,2022-04-21 05:56:41
340,Jumla,29.2747,82.1838,72.55,22,45,7.76,NP,2022-04-21 05:56:41
341,Rio Gallegos,-51.6226,-69.2181,42.85,75,40,4.61,AR,2022-04-21 05:56:41
342,Yumaguzino,52.9041,56.3933,54.59,59,99,7.76,RU,2022-04-21 05:56:42
343,Coahuayana,18.7333,-103.6833,69.67,77,0,3.36,MX,2022-04-21 05:56:42
344,Visby,57.6409,18.296,48.06,71,0,10.36,SE,2022-04-21 05:54:35
345,Mount Isa,-20.7333,139.5,92.97,20,40,8.05,AU,2022-04-21 05:56:43
346,Ajaccio,42.0,8.9167,48.18,87,0,2.3,FR,2022-04-21 05:56:43
347,Yambio,4.5721,28.3955,72.28,91,100,5.37,SS,2022-04-21 05:56:44
348,Mancio Lima,-7.6142,-72.8958,73.47,100,75,0.0,BR,2022-04-21 05:56:44
349,San Quintin,30.4833,-115.95,58.6,85,0,13.35,MX,2022-04-21 05:56:44
350,Alberton,46.8168,-64.0654,39.33,79,10,18.03,CA,2022-04-21 05:56:45
351,Filingue,14.3521,3.3168,86.13,15,81,8.72,NE,2022-04-21 05:56:45
352,Kununurra,-15.7667,128.7333,94.98,23,53,8.05,AU,2022-04-21 05:56:46
353,Los Llanos De Aridane,28.6585,-17.9182,58.75,78,75,9.22,ES,2022-04-21 05:52:23
354,Gushikawa,26.3544,127.8686,79.83,76,40,15.1,JP,2022-04-21 05:56:46
355,Khani,41.9563,42.9566,45.97,72,13,3.67,GE,2022-04-21 05:56:47
356,Krasnoarmeysk,51.0239,45.6969,54.63,65,55,18.43,RU,2022-04-21 05:56:47
357,North Platte,41.1239,-100.7654,51.39,41,82,5.99,US,2022-04-21 05:53:17
358,Bullas,38.0467,-1.6723,48.36,63,18,20.33,ES,2022-04-21 05:56:48
359,Victoria,22.2855,114.1577,82.96,76,67,8.01,HK,2022-04-21 05:54:03
360,Arica,-18.475,-70.3042,61.03,72,0,4.61,CL,2022-04-21 05:53:22
361,Rio Claro,-22.4114,-47.5614,59.94,92,2,1.19,BR,2022-04-21 05:56:49
362,Bunbury,-33.3333,115.6333,74.07,42,1,10.29,AU,2022-04-21 05:56:49
363,Papayal,-4.0761,-80.7361,71.35,91,100,2.62,PE,2022-04-21 05:56:49
364,Cedar City,37.6775,-113.0619,55.4,32,62,8.75,US,2022-04-21 05:56:50
365,Pangoa,-12.1167,-73.0,69.48,84,89,2.26,PE,2022-04-21 05:56:50
366,Novyy Urengoy,66.0833,76.6333,12.61,87,100,13.62,RU,2022-04-21 05:56:51
367,Morro Bay,35.3658,-120.8499,54.05,86,1,2.24,US,2022-04-21 05:54:28
368,Pisco,-13.7,-76.2167,66.25,82,0,4.61,PE,2022-04-21 05:56:51
369,Kupang,-10.1667,123.5833,86.81,66,41,13.22,ID,2022-04-21 05:56:48
370,Havelock,34.8791,-76.9013,57.92,87,6,6.04,US,2022-04-21 05:56:52
371,Miquelon,47.0975,-56.3814,37.49,90,75,18.3,PM,2022-04-21 05:56:53
372,Homer,59.6425,-151.5483,41.81,73,83,5.01,US,2022-04-21 05:56:53
373,Brae,60.3964,-1.353,45.81,85,30,9.06,GB,2022-04-21 05:56:53
374,Vao,-22.6667,167.4833,75.9,65,0,10.25,NC,2022-04-21 05:56:59
375,Takoradi,4.8845,-1.7554,77.9,90,100,6.64,GH,2022-04-21 05:56:59
376,Waingapu,-9.6567,120.2641,86.14,66,60,9.95,ID,2022-04-21 05:57:00
377,Esperance,-33.8667,121.9,67.84,56,93,10.98,AU,2022-04-21 05:57:00
378,Kirkenes,69.7271,30.0458,38.35,81,0,2.3,NO,2022-04-21 05:57:00
379,Shitanjing,39.2342,106.3439,60.8,16,35,16.37,CN,2022-04-21 05:57:01
380,At-Bashi,41.1702,75.8106,53.69,63,100,2.53,KG,2022-04-21 05:57:01
381,Mitsamiouli,-11.3847,43.2844,84.49,84,40,11.5,KM,2022-04-21 05:57:02
382,Haines Junction,60.7522,-137.5108,33.75,47,100,5.75,CA,2022-04-21 05:57:02
383,Lata,40.1629,-8.3327,43.07,93,42,0.51,PT,2022-04-21 05:57:03
384,Le Pradet,43.1066,6.0172,56.89,89,100,11.5,FR,2022-04-21 05:57:03
385,Miri,4.4148,114.0089,89.74,66,40,8.05,MY,2022-04-21 05:56:08
386,Tautira,-17.7333,-149.15,78.98,81,34,10.51,PF,2022-04-21 05:57:04
387,Beatrice,40.2681,-96.747,51.46,100,100,3.44,US,2022-04-21 05:53:02
388,Bogale,16.2833,95.4,100.17,31,54,2.75,MM,2022-04-21 05:57:04
389,Lokosovo,61.1333,74.8167,19.27,66,16,10.96,RU,2022-04-21 05:57:05
390,Kargasok,59.0556,80.8572,35.91,95,100,3.49,RU,2022-04-21 05:57:05
391,Umm Lajj,25.0213,37.2685,77.36,55,5,9.95,SA,2022-04-21 05:57:06
392,Maxixe,-23.8597,35.3472,73.22,88,40,4.61,MZ,2022-04-21 05:57:06
393,Roebourne,-20.7833,117.1333,94.21,27,2,10.2,AU,2022-04-21 05:57:06
394,Vanderhoof,54.0166,-124.0198,26.24,92,39,1.59,CA,2022-04-21 05:57:07
395,Coihueco,-36.6167,-71.8333,38.14,93,53,1.14,CL,2022-04-21 05:57:07
396,Yanam,16.7333,82.2167,95.52,44,20,10.04,IN,2022-04-21 05:54:11
397,Abbeville,50.1,1.8333,48.16,81,76,5.3,FR,2022-04-21 05:57:08
398,Ca Mau,9.1769,105.15,90.05,58,93,11.25,VN,2022-04-21 05:57:08
399,Alpena,45.0617,-83.4327,40.17,95,100,3.0,US,2022-04-21 05:57:09
400,Mwinilunga,-11.7358,24.4293,62.31,93,99,3.2,ZM,2022-04-21 05:57:09
401,Pochutla,15.7432,-96.4661,77.83,63,14,4.12,MX,2022-04-21 05:57:10
402,Alappuzha,9.49,76.3264,87.69,69,16,5.99,IN,2022-04-21 05:57:10
403,Honningsvag,70.9821,25.9704,40.75,81,100,8.05,NO,2022-04-21 05:57:11
404,Muroto,33.2833,134.15,61.66,92,100,13.51,JP,2022-04-21 05:57:11
405,Serebryanyy Bor,56.8,124.8,26.69,62,100,6.76,RU,2022-04-21 05:57:12
406,Korem,12.5058,39.5228,65.44,46,16,6.82,ET,2022-04-21 05:57:12
407,Alice Springs,-23.7,133.8833,76.55,19,1,14.97,AU,2022-04-21 05:57:12
408,Qandala,11.472,49.8728,87.46,46,8,4.7,SO,2022-04-21 05:57:13
409,Kawambwa,-9.7915,29.0791,64.0,91,94,5.26,ZM,2022-04-21 05:57:13
410,Dudinka,69.4058,86.1778,20.62,82,95,12.77,RU,2022-04-21 05:54:25
411,Verkhnyaya Inta,65.9811,60.3094,14.07,79,100,13.33,RU,2022-04-21 05:57:14
412,Mount Gambier,-37.8333,140.7667,60.71,67,100,12.66,AU,2022-04-21 05:57:14
413,Kitami,43.8031,143.8908,80.06,28,0,11.74,JP,2022-04-21 05:54:01
414,Codrington,-38.2667,141.9667,59.02,50,80,11.14,AU,2022-04-21 05:57:15
415,Enshi,30.3,109.4833,80.76,43,0,6.44,CN,2022-04-21 05:57:15
416,Norman Wells,65.282,-126.8329,26.64,39,0,4.61,CA,2022-04-21 05:57:16
417,Oranjemund,-28.55,16.4333,63.01,65,13,4.36,NA,2022-04-21 05:57:21
418,Grindavik,63.8424,-22.4338,46.35,100,40,6.91,IS,2022-04-21 05:57:22
419,Xining,36.6167,101.7667,65.53,10,57,9.89,CN,2022-04-21 05:55:51
420,Launceston,-41.45,147.1667,60.15,47,40,5.75,AU,2022-04-21 05:57:22
421,Nasirabad,26.3,74.7333,92.68,20,100,20.92,IN,2022-04-21 05:57:23
422,Naliya,23.2667,68.8333,92.64,40,0,16.62,IN,2022-04-21 05:57:23
423,Dongsheng,39.8161,109.9776,53.58,31,71,26.78,CN,2022-04-21 05:57:24
424,Kargat,55.1956,80.2811,48.27,56,96,4.12,RU,2022-04-21 05:57:24
425,Mosquera,4.7059,-74.2302,51.89,100,75,2.3,CO,2022-04-21 05:57:25
426,Zaraza,9.3503,-65.3245,76.44,83,45,7.23,VE,2022-04-21 05:57:25
427,Genhe,50.7833,121.5167,46.33,23,86,7.85,CN,2022-04-21 05:57:26
428,Nome,64.5011,-165.4064,31.1,70,10,4.61,US,2022-04-21 05:53:01
429,Maceio,-9.6658,-35.7353,71.04,94,0,3.44,BR,2022-04-21 05:57:26
430,Ponta Delgada,37.7333,-25.6667,57.92,72,75,10.36,PT,2022-04-21 05:57:27
431,Zhurivka,50.5028,31.7849,39.74,88,89,9.55,UA,2022-04-21 05:57:27
432,Areosa,41.7178,-8.8571,46.69,72,94,4.05,PT,2022-04-21 05:57:28
433,Black River,18.0264,-77.8487,74.53,84,9,5.7,JM,2022-04-21 05:57:28
434,Anadyr,64.75,177.4833,32.5,80,75,2.24,RU,2022-04-21 05:57:29
435,Morgan City,29.6994,-91.2068,69.01,100,75,0.0,US,2022-04-21 05:53:26
436,Vanavara,60.34,102.2797,33.98,59,57,1.45,RU,2022-04-21 05:57:29
437,Helena,46.5927,-112.0361,37.33,66,89,3.0,US,2022-04-21 05:57:29
438,Ust-Kut,56.7938,105.7672,34.84,48,96,3.69,RU,2022-04-21 05:57:30
439,Kapoeta,4.7717,33.5903,82.96,54,87,10.78,SS,2022-04-21 05:57:31
440,Kyabram,-36.3167,145.05,62.87,52,5,12.82,AU,2022-04-21 05:57:31
441,Gimli,50.6336,-96.9907,33.82,93,100,10.36,CA,2022-04-21 05:57:31
442,Whyalla,-33.0333,137.5833,67.89,49,100,12.66,AU,2022-04-21 05:57:32
443,Ukiah,39.1502,-123.2078,53.49,89,100,8.05,US,2022-04-21 05:55:03
444,Oda,35.1833,132.5,66.97,85,100,3.31,JP,2022-04-21 05:57:32
445,Tomatlan,19.9333,-105.25,67.68,92,0,2.04,MX,2022-04-21 05:57:33
446,Kaeo,-35.1,173.7833,69.33,92,69,7.54,NZ,2022-04-21 05:57:34
447,Rudbar,30.15,62.6,86.99,9,8,2.55,AF,2022-04-21 05:57:34
448,Faya,18.3851,42.4509,70.32,35,69,1.72,SA,2022-04-21 05:57:34
449,Puerto El Triunfo,13.2833,-88.55,79.59,75,1,5.46,SV,2022-04-21 05:57:35
450,Wuzhou,23.4833,111.3167,80.67,63,90,3.67,CN,2022-04-21 05:57:35
451,Cam Ranh,11.9214,109.1591,84.16,70,20,14.97,VN,2022-04-21 05:57:36
452,Palauig,15.435,119.9045,86.58,66,6,9.15,PH,2022-04-21 05:57:36
453,Niamey,13.5137,2.1098,88.09,37,0,8.05,NE,2022-04-21 05:57:36
454,La Ronge,55.1001,-105.2842,26.85,59,0,2.3,CA,2022-04-21 05:54:03
455,Tigil,57.8,158.6667,32.45,78,100,9.57,RU,2022-04-21 05:57:37
456,Sao Geraldo Do Araguaia,-6.4006,-48.555,72.19,98,99,1.41,BR,2022-04-21 05:57:38
457,Fort William,56.8165,-5.1121,47.3,62,70,4.99,GB,2022-04-21 05:57:43
458,Carlsbad,33.1581,-117.3506,58.41,86,40,3.44,US,2022-04-21 05:57:05
459,Sorong,-0.8833,131.25,86.74,66,100,7.29,ID,2022-04-21 05:57:44
460,Nemuro,43.3236,145.575,45.93,70,16,18.43,JP,2022-04-21 05:57:44
461,Venado Tuerto,-33.7456,-61.9688,57.76,94,29,5.57,AR,2022-04-21 05:57:45
462,Zhuanghe,39.7008,122.9911,58.33,71,57,14.03,CN,2022-04-21 05:57:45
463,Buraydah,26.326,43.975,75.65,21,31,15.77,SA,2022-04-21 05:57:45
464,Binzhou,37.3667,118.0167,84.58,23,53,22.75,CN,2022-04-21 05:57:46
465,Develi,38.3906,35.4922,45.75,61,0,2.01,TR,2022-04-21 05:57:46
466,Voh,-20.9667,164.7,76.08,72,16,9.19,NC,2022-04-21 05:57:47
467,Kamaishi,39.2667,141.8833,59.61,69,75,12.24,JP,2022-04-21 05:57:47
468,Kati,12.7441,-8.0726,71.01,12,66,2.68,ML,2022-04-21 05:57:48
469,Fairbanks,64.8378,-147.7164,41.0,30,0,0.0,US,2022-04-21 05:57:48
470,Longyan,25.1072,117.0225,79.48,62,80,7.07,CN,2022-04-21 05:57:48
471,Lewistown,40.5992,-77.5714,45.81,77,0,0.0,US,2022-04-21 05:57:49
472,Codajas,-3.8367,-62.0569,72.68,99,100,2.33,BR,2022-04-21 05:57:49
473,Evensk,61.95,159.2333,25.68,82,85,1.41,RU,2022-04-21 05:57:50
474,Smidovich,48.6,133.8167,68.07,34,100,10.85,RU,2022-04-21 05:57:50
475,Contamana,-7.3333,-75.0167,72.68,97,99,1.7,PE,2022-04-21 05:57:50
476,Batagay-Alyta,67.8006,130.4114,26.28,81,100,3.8,RU,2022-04-21 05:57:51
477,Namibe,-15.1961,12.1522,78.15,78,79,8.03,AO,2022-04-21 05:57:51
478,High Level,58.5169,-117.136,28.51,74,20,0.0,CA,2022-04-21 05:57:52
479,Beibei,29.8256,106.4339,85.37,45,0,5.82,CN,2022-04-21 05:57:52
480,Castlerea,53.7667,-8.5,44.24,91,100,10.22,IE,2022-04-21 05:57:52
481,Fukue,32.6881,128.8419,59.36,94,75,3.44,JP,2022-04-21 05:57:53
482,Katobu,-4.9408,122.5276,90.03,52,94,1.03,ID,2022-04-21 05:57:53
483,Coria,39.9879,-6.5377,41.45,69,22,2.84,ES,2022-04-21 05:57:18
484,Varna,43.2167,27.9167,48.24,92,20,14.97,BG,2022-04-21 05:56:37
485,Kailua,21.4022,-157.7394,75.02,87,48,8.01,US,2022-04-21 05:57:54
486,Inirida,3.8653,-67.9239,72.9,96,98,2.24,CO,2022-04-21 05:53:24
487,Maniitsoq,65.4167,-52.9,26.38,64,100,12.66,GL,2022-04-21 05:57:54
488,Kungurtug,50.5994,97.5228,40.3,53,99,3.09,RU,2022-04-21 05:57:55
489,Kothapet,19.3333,79.4833,102.07,27,16,11.14,IN,2022-04-21 05:57:55
490,Luau,-10.7073,22.2247,65.97,93,95,3.15,AO,2022-04-21 05:57:56
491,Kaitangata,-46.2817,169.8464,52.54,96,96,0.78,NZ,2022-04-21 05:57:56
492,Makakilo City,21.3469,-158.0858,73.56,76,100,8.05,US,2022-04-21 05:56:02
493,Rundu,-17.9333,19.7667,57.52,67,83,6.33,NA,2022-04-21 05:57:57
494,Gamba,-2.65,10.0,76.84,92,100,2.42,GA,2022-04-21 05:57:57
495,Bedele,8.456,36.353,70.54,52,82,3.8,ET,2022-04-21 05:57:58
496,Nadym,65.5333,72.5167,13.48,89,100,24.67,RU,2022-04-21 05:56:33
497,Huallanca,-9.8993,-76.9417,43.9,93,99,2.75,PE,2022-04-21 05:57:58
498,Pedasi,7.5333,-80.0333,75.07,74,62,3.15,PA,2022-04-21 05:57:59
499,Nibe,56.9815,9.6392,48.99,70,73,5.75,DK,2022-04-21 05:57:59
500,Viedma,-40.8135,-62.9967,48.43,72,18,8.86,AR,2022-04-21 05:55:28
501,Atar,20.5169,-13.0499,72.72,22,9,9.91,MR,2022-04-21 05:58:00
502,Kunya,12.2233,8.5325,80.76,36,0,0.0,NG,2022-04-21 05:58:05
503,Mercedes,-34.6515,-59.4307,60.04,97,70,7.47,AR,2022-04-21 05:58:06
504,Cururupu,-1.8283,-44.8683,75.13,95,80,2.06,BR,2022-04-21 05:58:06
505,Samarai,-10.6167,150.6667,84.31,73,98,16.06,PG,2022-04-21 05:58:06
506,Porto Walter,-8.2686,-72.7439,71.78,99,97,2.55,BR,2022-04-21 05:58:07
507,Ulaangom,49.9811,92.0667,48.81,31,38,10.18,MN,2022-04-21 05:58:07
508,Kavaratti,10.5669,72.642,85.5,69,65,6.69,IN,2022-04-21 05:58:08
509,Verkhnevilyuysk,63.4453,120.3167,30.7,87,100,7.23,RU,2022-04-21 05:58:08
510,Lagos,6.5833,3.75,75.52,93,100,1.07,NG,2022-04-21 05:53:26
511,Melnikovo,56.5558,84.085,38.25,87,100,8.32,RU,2022-04-21 05:58:09
512,Srednebelaya,50.6594,128.0106,44.98,27,100,11.88,RU,2022-04-21 05:58:09
513,Kletskaya,49.3145,43.0584,53.53,52,0,8.75,RU,2022-04-21 05:58:09
514,Cabatuan,10.8794,122.486,89.13,60,94,10.63,PH,2022-04-21 05:58:10
515,Santa Rosa,14.3122,121.1114,94.98,58,51,12.5,PH,2022-04-21 05:54:59
516,Suntar,62.1444,117.6319,32.67,52,100,8.08,RU,2022-04-21 05:58:10
517,Tonj,7.2737,28.6822,81.41,62,71,9.62,SS,2022-04-21 05:58:11
518,Mpongwe,-13.5091,28.155,62.87,93,100,6.46,ZM,2022-04-21 05:58:11
519,Canete,-37.8,-73.4,46.85,75,97,1.7,CL,2022-04-21 05:58:12
520,Vila Velha,-20.3297,-40.2925,73.94,80,0,1.99,BR,2022-04-21 05:58:12
521,Akyab,20.15,92.9,85.6,64,57,7.99,MM,2022-04-21 05:58:12
522,Alta Floresta,-9.8756,-56.0861,69.53,98,95,2.46,BR,2022-04-21 05:58:13
523,Boralday,43.3578,76.8594,53.46,62,100,6.71,KZ,2022-04-21 05:58:13
524,Derzhavinsk,51.1,66.3167,63.55,55,97,15.41,KZ,2022-04-21 05:58:14
525,Shimoda,34.6667,138.95,66.11,75,100,4.81,JP,2022-04-21 05:58:14
526,Imeni Morozova,59.9757,31.0376,47.01,1,13,8.3,RU,2022-04-21 05:58:15
527,Mage,-22.6528,-43.0406,71.6,93,49,1.88,BR,2022-04-21 05:58:16
528,Belaya Gora,68.5333,146.4167,26.31,81,100,2.35,RU,2022-04-21 05:58:16
529,Akdepe,42.0551,59.3788,73.49,36,0,6.69,TM,2022-04-21 05:58:17
530,Beringovskiy,63.05,179.3167,29.68,90,100,3.51,RU,2022-04-21 05:58:17
531,Mathathane,-22.2687,28.7495,62.04,86,100,4.18,BW,2022-04-21 05:58:18
532,Taoyuan,32.2972,120.6167,76.44,48,1,11.21,CN,2022-04-21 05:58:18
533,Pitimbu,-7.4706,-34.8086,75.79,81,54,10.16,BR,2022-04-21 05:58:19
534,North Bend,43.4065,-124.2243,48.85,100,100,1.01,US,2022-04-21 05:58:19
535,Tumut,-35.3,148.2167,65.75,57,3,3.13,AU,2022-04-21 05:58:20
536,Bonavista,48.6499,-53.1147,35.37,92,98,14.94,CA,2022-04-21 05:58:20
537,Saint-Pierre,-21.3393,55.4781,83.91,78,0,9.22,RE,2022-04-21 05:58:21
538,Dunmore Town,25.5,-76.65,73.96,75,65,25.19,BS,2022-04-21 05:58:21
539,Wick,58.4333,-3.0833,41.05,100,81,9.22,GB,2022-04-21 05:58:22
540,Weyburn,49.6668,-103.8511,32.22,86,94,14.97,CA,2022-04-21 05:53:59
541,Udomlya,57.8794,34.9925,44.8,69,7,12.95,RU,2022-04-21 05:58:22
542,San Lazaro,18.0387,-88.6622,71.44,90,0,2.39,BZ,2022-04-21 05:58:23
543,Himatnagar,23.6,72.95,100.26,17,55,6.89,IN,2022-04-21 05:58:23
544,Adrar,20.5022,-10.0711,69.94,19,6,12.62,MR,2022-04-21 05:58:24
